"","Name","Pos2","Age","Year","pred_Bhind_Arc","pred_In_Arc","pred_FreeT","pred_OfReb","pred_DefReb","pred_Assist","pred_Steal","pred_Block","pred_TOV","pred_Fouls"
"1","Aaron Brooks","PG",34,2019,61.6611042383945,19.0490765242957,9.14765168619806,-4.15841157944635,12.5815860971529,110.212073113355,7.54411367321825,-2.88047514999181,54.651005050714,81.0515245978593
"7","Aaron Gordon","PF",23,2019,87.3956897355466,272.864987252248,151.733719948438,109.879546807352,339.260441264732,140.660839394422,59.8619425170557,45.4186893572007,88.7249722040138,143.683216845899
"13","Aaron Harrison","SG",24,2019,21.3904081680823,31.6595807869279,22.9759082710897,6.69414846686108,45.0391077267434,21.1052603355412,9.04870256804044,3.08637628754125,9.27839763036847,19.7075455086175
"19","Aaron Jackson","PG",32,2019,-0.464762682114994,-26.5255389048626,-15.1980158493595,-6.63376494838626,-16.9304933130307,-15.0234561672215,-7.85841591419539,-3.71468125044323,-8.64093661655507,-7.07306814202579
"25","Abdel Nader","SF",25,2019,29.7413643213195,32.6845347591705,26.6060368307579,12.9661436215407,68.1637755602203,29.2879981802756,15.1238191305187,10.2628286448838,34.9507112321594,45.579380274246
"31","Adreian Payne","PF",27,2019,17.6726511592126,41.743453446483,18.4422161197024,16.5939631360271,74.3757714458091,17.8230474694299,8.70874959603768,5.98653236387669,21.0940467058523,48.0368619655137
"49","Al-Farouq Aminu","PF",28,2019,87.962573675788,137.617837374626,85.6723585778953,96.7556390289683,370.023991771184,94.8700985783172,67.2698609310414,45.347407437987,82.4866709473906,132.014963382539
"55","Alan Williams","PF",26,2019,12.7011927375486,59.7776339312894,33.6593067395944,36.1132483316642,97.9852397991712,16.7368102322113,11.487425399633,12.8135134902114,17.5593607644374,51.0490035564627
"61","Alec Burks","SG",27,2019,53.8794852486883,152.679297516356,136.759809726516,23.4413141303657,154.864392716861,95.1464361558148,29.8908188073466,6.85205453598425,69.2259485968387,88.4088698466545
"67","Alec Peters","PF",23,2019,27.0859720365866,25.4588415203247,17.2643375965052,10.4232603558056,47.190709524005,20.8055565652737,4.40445771472198,3.39926004354854,7.97689633179125,16.908651250323
"73","Alex Abrines","SG",25,2019,99.6981984107954,46.4703788290441,48.323630437571,22.5634946158793,95.2523968312733,40.3113868666597,38.2558883418271,8.67835081699118,31.1826131231455,120.701388155387
"79","Alex Caruso","PG",24,2019,20.9136681789533,47.5716881397476,27.4351872136319,16.1947019886735,64.1772425421129,81.0467773727745,24.2641384226201,10.8310443442163,44.463803781975,54.2440157622845
"91","Alex Poythress","PF",25,2019,15.6981984107953,23.9703788290435,10.823630437571,9.56349461587934,31.2523968312731,9.81138686665935,3.7558883418273,2.17835081699142,4.68261312314543,16.7013881553869
"97","Alfonzo McKinnie","SF",26,2019,8.56906046368549,5.7973813785955,2.77688644788419,-0.262414745591677,12.1503085783282,1.52921898777555,-0.0165001615836289,0.694612945551068,2.43761868234243,6.91474478620762
"103","Allen Crabbe","SG",26,2019,117.996396821588,130.540757658085,80.2472608751363,17.5269892317636,187.704793662538,83.6227737333126,38.5117766836521,18.7567016339815,48.765226246287,126.40277631077
"121","Andre Iguodala","SF",35,2019,47.1441926654863,31.3876163825198,3.66020053754966,17.9559133191858,148.741185151442,174.335735535834,48.1231557969036,13.8148777520072,41.9117274012521,58.6576181337287
"127","Andre Ingram","SG",33,2019,2.36293346025113,-30.4126922854381,-16.0271662322331,-8.86232331551822,-16.9439602949215,-11.7822353597207,-5.99873520629708,-1.28289694977595,-8.15402916637136,-9.73770363006432
"133","Andre Roberson","SG",27,2019,39.4794852486884,98.2792975163562,29.5598097265158,67.0413141303659,190.464392716861,55.7464361558147,50.8908188073466,38.6520545359842,36.0259485968385,126.608869846654
"145","Andrew Harrison","PG",24,2019,57.4566541972455,122.301108899908,147.067356011882,25.4063321665782,133.772597304111,197.949555655408,47.9663672799799,25.0306743659899,87.4522519478692,170.198341387445
"151","Andrew White","SF",25,2019,24.7413643213195,12.6845347591696,4.60603683075749,3.96614362154069,40.1637755602209,9.28799818027463,3.12381913051871,1.26282864488369,8.95071123215961,12.5793802742457
"157","Andrew Wiggins","SF",23,2019,103.395689735547,565.364987252249,379.733719948438,114.879546807352,287.510441264733,199.660839394423,93.1119425170556,49.1686893572006,184.724972204013,189.1832168459
"169","Anthony Brown","SF",26,2019,22.0345260708818,18.1109672646228,10.9926400729279,4.77991499833096,46.3185731325047,14.0701435655452,5.82075873296662,2.14684682354497,7.89269409777116,16.3823368897959
"175","Anthony Davis","PF",25,2019,51.5133083944885,664.802217799815,433.934712023756,178.612664333161,615.145194608214,161.09911131081,100.132734559958,177.861348731979,142.504503895735,171.596682774886
"181","Anthony Tolliver","PF",33,2019,107.778015811287,-33.2894633340217,10.8351028347912,20.1272635219808,127.621987042797,18.6884106908301,4.56507154951453,7.02417194800135,15.7902827001489,80.0454310619605
"187","Antonio Blakeney","SG",22,2019,25.2582758942202,58.3459949009006,42.0934879793787,7.65181872293824,51.2041765058987,31.5643357577725,10.5447770068239,2.96747574288105,16.4899888816076,24.5732867383621
"193","Antonius Cleveland","SG",24,2019,10.9136681789535,15.5716881397468,10.4351872136316,4.19470198867309,25.1772425421132,8.04677737277439,8.26413842262021,5.8310443442163,9.46380378197529,25.2440157622847
"205","Arron Afflalo","SG",33,2019,81.9780158112868,122.710536665979,85.4351028347912,-5.67273647801925,124.421987042797,80.4884106908295,2.76507154951449,-3.5758280519989,53.9902827001488,89.4454310619604
"211","Austin Rivers","SG",26,2019,98.1963968215884,202.140757658085,115.247260875136,25.5269892317633,153.504793662538,184.622773733313,54.1117766836522,12.9567016339815,89.765226246287,154.60277631077
"217","Avery Bradley","SG",28,2019,120.962573675788,259.817837374625,75.8723585778951,39.5556390289683,192.023991771183,114.870098578317,70.8698609310414,10.7474074379871,95.8866709473904,137.214963382539
"229","Ben McLemore","SG",25,2019,109.313308394489,182.202217799815,110.534712023757,39.0126643331609,190.745194608215,101.49911131081,53.1327345599575,16.6613487319788,100.104503895735,169.796682774886
"235","Ben Moore","PF",23,2019,9.08597203658667,15.4588415203235,9.2643375965049,2.42326035580568,19.1907095240045,9.80555656527321,2.40445771472206,1.39926004354841,3.9768963317912,7.90865125032323
"241","Ben Simmons","PG",22,2019,10.2582758942202,564.3459949009,203.093487979379,148.651818722938,536.204176505898,672.564335757773,143.544777006824,71.9674757428811,283.489988881607,216.573286738362
"253","Blake Griffin","PF",29,2019,46.2456621028877,444.156377232897,290.784907429275,100.869963927571,384.383590825506,281.19376100082,47.448903054736,24.8427603399899,143.947393297942,158.821056918423
"265","Bobby Brown","PG",34,2019,7.37209633274317,-46.5061918087369,-29.8698997312243,-16.0220433404088,-30.4294074242782,-18.432132232082,-12.1384221015481,-6.99256112399692,-11.2441362993733,-15.2711909331363
"271","Bobby Portis","PF",23,2019,62.4016825500157,245.100554214748,91.3008757035028,125.484598534459,299.732708357193,91.2894853872064,36.6626744855774,22.222807686206,74.637916063334,118.036816484695
"277","Bogdan Bogdanovic","SG",26,2019,134.569060463686,215.797381378595,100.776886447884,29.7375852544084,198.150308578327,258.529218987776,70.9834998384164,15.6946129455513,124.437618682343,170.914744786207
"283","Bojan Bogdanovic","SF",29,2019,137.811131871046,189.057686543601,135.796464205335,28.9511713003646,210.808436536345,86.7791515069347,29.7571531355287,3.6454538672148,98.528583956772,113.463684525321
"289","Bradley Beal","SG",25,2019,179.113308394489,387.002217799814,219.734712023757,58.0126643331608,254.345194608216,268.69911131081,81.1327345599576,23.8613487319786,155.504503895735,155.396682774886
"295","Brandan Wright","PF",31,2019,3.81183895708725,75.4334569494374,13.610005132033,44.2986137247758,68.9027889341513,-7.55891415417494,6.60698730212499,34.8334661439956,1.06883799904566,36.6332439901915
"301","Brandon Ingram","SF",21,2019,65.7320215565962,309.293299112502,186.298532734812,66.4348448186741,297.833198722627,220.864062021655,55.0978040944383,43.587645012986,143.761168422042,172.189201083619
"307","Brandon Jennings","PG",29,2019,84.6456621028878,98.5563772328964,96.5849074292746,16.0699639275707,106.583590825506,285.79376100082,41.248903054736,1.64276033998978,92.347393297942,69.4210569184231
"313","Brandon Paul","SG",27,2019,19.396756606053,35.9102279980188,19.9477360650106,3.50902688727585,64.1368415964349,34.7704397952764,22.8431805463144,6.12639724621887,26.9245261325266,55.2501092981689
"319","Briante Weber","PG",26,2019,14.3678594042154,25.7776339312887,12.6593067395947,7.11324833166427,38.3185731325053,26.0701435655445,12.4874253996329,3.14684682354497,11.5593607644375,18.7156702231297
"325","Brice Johnson","PF",24,2019,12.4566541972454,29.3011088999087,12.5673560118817,7.40633216657812,35.2725973041118,11.9495556554079,7.9663672799799,5.03067436598988,7.45225194786941,10.6983413874448
"337","Bruno Caboclo","SF",23,2019,27.6456897355466,53.8649872522475,31.483719948438,12.6295468073524,61.0104412647323,31.4108393944223,10.611942517056,6.66868935720101,17.2249722040132,18.1832168458991
"343","Bryn Forbes","SG",25,2019,63.6981984107952,80.4703788290441,33.3236304375711,7.56349461587959,76.7523968312729,57.811386866659,15.2558883418272,1.67835081699137,26.1826131231449,65.7013881553867
"349","Buddy Hield","SG",25,2019,172.698198410795,220.470378829044,74.3236304375711,45.5634946158798,260.252396831273,144.311386866659,62.2558883418274,16.1783508169914,114.682613123145,133.201388155387
"355","C.J. McCollum","SG",27,2019,149.079485248688,322.679297516356,152.759809726515,33.641314130366,187.864392716861,202.146436155815,58.6908188073468,21.6520545359843,120.225948596839,136.608869846655
"361","C.J. Miles","SF",31,2019,146.211838957088,61.0334569494375,61.6100051320333,4.49861372477579,127.102788934152,29.8410858458254,32.8069873021252,16.0334661439957,34.8688379990455,110.833243990192
"367","C.J. Williams","SG",28,2019,25.2244527484189,56.0230746174427,8.11858568213638,8.28046852014341,42.1233746145414,38.0116606027761,27.7028612542126,11.5581815468864,16.4114335827101,58.5854738101297
"373","Caleb Swanigan","PF",21,2019,12.4305797518537,48.2331482814753,26.9226383622528,19.8803770900706,65.2176434877914,28.3231149502719,9.68509629892549,5.53569144221272,25.0030814314238,44.2379222264009
"379","Cameron Payne","PG",24,2019,50.0570748347487,83.3262474535947,28.6425749377554,14.0274818001941,91.0391077267411,107.771927002208,29.3820359013736,8.75304295420776,43.2783976303686,65.3742121752844
"385","Caris LeVert","SF",24,2019,84.4566541972453,191.801108899908,111.067356011881,40.4063321665782,209.272597304112,215.449555655408,67.9663672799799,16.5306743659899,110.452251947869,129.198341387445
"391","Carmelo Anthony","PF",34,2019,123.861104238387,322.449076524248,232.547651686172,60.4415884205835,315.98158609712,142.212073113332,34.944113673209,25.5195248500041,111.0510050507,140.651524597844
"397","Cedi Osman","SF",23,2019,41.0859720365867,73.4588415203241,35.2643375965053,21.4232603558059,119.190709524006,49.8055565652738,24.4044577147221,4.39926004354875,35.9768963317915,81.9086512503235
"403","Chandler Parsons","SF",30,2019,95.7287505299875,145.294917091167,69.2974562806537,22.7842888261734,188.143189879829,129.917423423322,36.0279451784306,11.5381132419928,65.0081156484937,88.8271504543075
"415","Charles Cooke","SG",24,2019,8.913668178953,11.5716881397475,7.43518721363083,1.19470198867332,16.1772425421126,7.04677737277507,2.26413842262027,0.831044344216274,3.46380378197523,2.24401576228473
"421","Cheick Diallo","PF",22,2019,15.9735657701458,101.962569041638,52.0548071605025,41.0920072679757,142.312998249789,30.2258932329061,13.3873251562855,17.2353214639871,26.4915295973178,58.6922478515605
"433","Chris Boucher","PF",26,2019,5.56906046368588,0.797381378594991,0.776886447883783,-1.26241474559129,7.1503085783267,0.529218987775664,-1.01650016158361,-0.30538705444836,-0.56238131765744,-1.08525521379269
"439","Chris McCullough","PF",23,2019,24.735015883349,58.4338875480812,29.9675423701695,20.1512652011259,65.3993750238595,26.289485387206,16.3293411522439,9.88947435287255,16.637916063334,28.0368164846947
"445","Chris Paul","PG",33,2019,118.178015811287,243.910536665978,216.835102834792,16.5272635219808,223.221987042797,606.488410690828,112.965071549515,0.2241719480013,133.390282700149,134.84543106196
"469","Corey Brewer","SF-SG",32,2019,48.4949273841871,132.171996807708,72.9225539834121,31.0129386233783,114.862387988475,78.7647482683273,78.78602942582,11.5288190459985,60.7295603495972,138.039337526076
"475","Cory Joseph","PG",27,2019,52.4794852486884,201.679297516356,101.359809726516,38.4413141303658,183.064392716861,219.746436155815,55.8908188073467,16.0520545359842,81.2259485968387,118.608869846655
"481","Courtney Lee","SG",33,2019,89.7780158112869,133.710536665978,55.835102834791,7.72726352198076,128.421987042797,106.88841069083,54.7650715495144,11.2241719480012,47.790282700149,96.4454310619605
"493","D.J. Augustin","PG",31,2019,102.411838957087,78.6334569494378,126.610005132033,0.298613724775826,89.3027889341514,243.241085845825,29.4069873021253,-4.96653385600429,95.0688379990456,82.4332439901916
"499","D.J. Wilson","PF",22,2019,12.2582758942204,27.3459949009001,13.0934879793791,5.65181872293821,30.2041765058989,14.5643357577727,6.54477700682411,2.96747574288092,9.48998888160786,12.5732867383624
"505","D'Angelo Russell","PG",22,2019,140.412956931949,269.208194309234,155.95917646925,44.941715268724,241.759642320979,299.473710438871,80.6099797364474,20.0259057515371,185.9974344963,135.032754127438
"523","Damian Lillard","PG",28,2019,231.162573675788,384.417837374626,418.672358577896,41.1556390289683,295.223991771184,475.470098578316,68.8698609310413,21.547407437987,207.28667094739,152.414963382539
"529","Damien Wilkins","SF",39,2019,-5.6708896855503,-53.7356125688952,-33.0020685294771,-12.2336735183116,-35.0247621862797,-26.3349105147204,-13.8406509589094,-6.69219114577065,-15.2325844652692,-15.7255165582975
"535","Damion Lee","SG",26,2019,20.5690604636861,47.7973813785958,22.7768864478841,9.73758525440843,66.1503085783279,29.5292189877753,17.9834998384163,0.694612945551292,13.4376186823426,23.9147447862072
"541","Damyean Dotson","SG",24,2019,29.9136681789532,60.5716881397483,22.4351872136314,10.1947019886733,89.1772425421129,37.0467773727747,13.2641384226203,2.83104434421601,19.4638037819752,36.2440157622846
"547","Daniel Hamilton","SG",23,2019,11.0859720365869,18.4588415203247,9.2643375965055,2.42326035580568,23.1907095240054,16.8055565652739,3.40445771472211,1.39926004354865,5.97689633179161,5.90865125032377
"559","Danilo Gallinari","SF",30,2019,94.1303722269619,114.339803092159,224.723588248151,20.3797753825332,183.774769081614,79.1322035256862,24.1563549052743,10.9749146188838,47.7458525822316,60.8020958052243
"565","Danny Green","SG",31,2019,138.411838957087,42.833456949437,25.6100051320334,22.4986137247757,204.102788934152,98.6410858458246,60.0069873021251,62.6334661439956,60.4688379990455,109.033243990191
"571","Dante Cunningham","SF",31,2019,40.8118389570873,94.6334569494376,5.41000513203353,57.2986137247758,179.102788934151,30.2410858458248,30.0069873021252,30.0334661439956,17.4688379990454,104.633243990192
"577","Dante Exum","PG",23,2019,67.9359770865103,117.473988102098,62.551471951876,28.8542436868618,127.809745180418,144.316783434794,31.6044796825856,14.257443400054,85.4766407237461,117.337669056173
"583","Danuel House","SG",25,2019,18.1981984107953,31.4703788290433,19.3236304375707,7.06349461587929,49.2523968312728,18.8113868666593,4.25588834182713,3.67835081699137,7.68261312314512,13.2013881553868
"589","Dario Saric","PF",24,2019,143.956654197246,278.801108899908,186.067356011882,135.406332166578,406.772597304112,202.449555655409,56.4663672799799,26.53067436599,169.952251947869,165.198341387445
"595","Darius Miller","SF",28,2019,74.3337964021051,35.4750667545406,27.817420982437,3.15387302519419,78.4830726185512,50.085691035907,12.7579070719141,6.89108888605872,23.1079388747147,79.4963019699662
"601","Darrell Arthur","PF",30,2019,38.5287505299877,63.094917091167,11.6974562806535,30.1842888261734,102.743189879829,32.517423423322,21.2279451784305,23.5381132419927,30.6081156484938,106.227150454308
"607","Darren Collison","PG",31,2019,81.2118389570875,194.633456949438,132.210005132033,13.4986137247759,109.502788934152,280.641085845824,63.4069873021251,4.23346614399551,96.4688379990454,103.833243990192
"613","Darrun Hilliard","SG",25,2019,25.3791337861488,42.2186073591085,29.6509408386748,3.90369839926251,51.6788404296234,33.9210352838763,9.10139731717015,2.28327822220958,20.9188791974031,28.0449411992073
"619","David Nwaba","SG",26,2019,18.4397426243452,118.639648758179,81.5799048632603,51.7206570651808,152.732196358434,61.1732180779101,35.0454094036744,17.8260272679928,43.9129742984207,96.2044349233286
"625","David Stockton","PG",27,2019,16.0088030880296,4.93703013677225,6.85679131113933,-2.54175768040675,18.3825049367538,7.20243706567959,-0.971090757911163,-0.479359786457007,1.85059298076089,0.11917970953283
"637","Davis Bertans","PF",26,2019,90.439742624345,54.1396487581798,36.5799048632606,18.7206570651808,116.732196358434,62.1732180779103,22.0454094036744,27.8260272679927,33.9129742984209,83.2044349233287
"643","Davon Reed","SG",23,2019,20.0859720365867,26.4588415203247,17.2643375965051,4.4232603558053,55.1907095240053,21.8055565652737,12.4044577147222,3.39926004354885,13.9768963317914,20.9086512503235
"649","De'Aaron Fox","PG",21,2019,58.4305797518537,306.233148281477,155.922638362253,37.8803770900709,197.217643487792,334.323114950273,74.6850962989262,22.5356914422138,180.003081431424,170.237922226401
"661","DeAndre Liggins","SG",30,2019,18.6447008997263,-12.0837233211209,-8.73235548576592,-2.63301455816507,40.3065540022816,16.0997962865636,17.3070978577277,4.54145795947504,8.57533530419636,39.4535376802778
"667","DeAndre' Bembry","SF",24,2019,18.4566541972456,62.3011088999086,23.5673560118813,13.4063321665783,77.7725973041122,48.9495556554082,16.9663672799798,10.03067436599,35.9522519478693,33.6983413874453
"673","Dejounte Murray","PG",22,2019,24.9735657701459,183.962569041638,82.5548071605025,64.0920072679758,227.81299824979,158.225893232906,58.3873251562854,21.7353214639871,94.9915295973178,99.1922478515607
"679","Delon Wright","PG",26,2019,36.367859404215,79.777633931289,60.3259734062611,22.1132483316641,88.9852397991711,100.736810232211,35.1540920662998,15.8135134902115,40.5593607644374,39.7156702231299
"685","DeMar DeRozan","SG",29,2019,62.4456621028878,524.956377232897,476.384907429274,47.0699639275707,275.383590825506,296.79376100082,71.8489030547361,15.2427603399899,159.347393297942,142.621056918423
"697","DeMarre Carroll","SF",32,2019,103.694927384187,84.5719968077081,71.3225539834121,60.0129386233782,211.462387988474,62.964748268327,58.1860294258197,11.3288190459983,44.929560349597,116.039337526076
"703","Demetrius Jackson","PG",24,2019,13.4566541972455,22.3011088999078,13.0673560118814,5.90633216657821,27.7725973041116,16.4495556554087,4.96636727998002,2.03067436598997,9.4522519478694,7.69834138744497
"709","Dennis Schroder","PG",25,2019,87.9133083944887,320.202217799814,174.934712023757,33.8126643331608,194.345194608216,355.899111310811,61.3327345599575,10.0613487319786,175.904503895735,131.396682774886
"715","Dennis Smith","PG",21,2019,117.430579751854,323.233148281476,148.922638362253,54.8803770900706,236.217643487791,372.323114950272,75.6850962989258,20.5356914422136,202.003081431424,159.237922226401
"721","Denzel Valentine","SG",25,2019,118.698198410795,104.470378829044,32.8236304375708,30.0634946158796,259.752396831273,159.811386866659,48.2558883418273,9.67835081699123,76.182613123145,137.201388155387
"733","Derrick Jones","SF",21,2019,20.732021556596,81.7932991125017,46.2985327348128,37.9348448186746,69.8331987226288,33.3640620216547,16.5978040944383,17.0876450129857,21.2611684220422,55.1892010836187
"739","Derrick Rose","PG",30,2019,38.5287505299876,208.894917091167,96.0974562806538,20.1842888261733,92.3431898798292,164.517423423322,15.0279451784304,4.93811324199279,96.6081156484938,35.8271504543075
"745","Derrick Walton","PG",23,2019,16.0859720365867,16.458841520324,15.264337596505,4.42326035580572,32.1907095240057,24.8055565652741,9.40445771472221,4.39926004354882,5.97689633179183,10.9086512503234
"751","Derrick White","PG",24,2019,15.9136681789531,18.5716881397472,20.4351872136315,6.19470198867327,35.1772425421132,15.0467773727748,5.26413842262011,3.83104434421626,8.46380378197523,10.2440157622846
"757","Derrick Williams","PF",27,2019,47.6794852486884,134.679297516356,119.559809726516,33.0413141303657,177.264392716862,46.146436155815,23.0908188073468,7.6520545359842,44.0259485968385,60.4088698466547
"763","Devin Booker","SG",22,2019,153.079623598616,392.208194309234,318.292509802583,41.9417152687243,243.426308987644,267.140377105538,62.943313069781,23.0259057515374,211.330767829633,225.032754127438
"769","Devin Harris","PG",35,2019,52.7441926654863,-12.0123836174803,52.0602005375499,-19.6440866808141,36.1411851514419,102.335735535835,21.9231557969037,-4.3851222479929,32.111727401252,78.8576181337288
"775","Devin Robinson","SF",23,2019,9.08597203658697,16.4588415203235,9.26433759650543,4.42326035580567,21.1907095240061,8.80555656527468,3.40445771472202,1.39926004354879,3.97689633179129,5.9086512503238
"793","Dillon Brooks","SF",23,2019,103.085972036587,261.458841520324,133.264337596505,51.4232603558057,226.190709524006,143.805556565274,75.4044577147221,18.3992600435487,127.976896331792,236.908651250323
"799","Dion Waiters","SG",27,2019,95.4794852486883,235.879297516356,109.759809726515,24.4413141303658,159.264392716861,172.146436155815,57.8908188073467,16.0520545359842,111.825948596839,119.808869846655
"817","Donovan Mitchell","SG",22,2019,197.25827589422,428.345994900901,251.093487979379,55.6518187229382,266.204176505898,302.564335757773,121.544777006824,28.9674757428812,220.489988881608,218.573286738363
"823","Dorian Finney-Smith","PF",25,2019,48.6981984107953,57.9703788290433,35.3236304375707,39.0634946158795,127.252396831273,52.8113868666595,31.7558883418274,15.1783508169913,35.1826131231451,85.7013881553868
"829","Doug McDermott","SF",27,2019,86.9226511592125,127.243453446483,56.1922161197026,22.593963136027,143.875771445809,51.8230474694307,9.95874959603771,6.23653236387678,39.5940467058527,86.5368619655137
"835","Dragan Bender","PF",21,2019,90.7320215565957,89.2932991125025,45.2985327348127,39.4348448186745,241.833198722628,99.3640620216549,23.5978040944382,41.5876450129859,83.2611684220421,131.689201083619
"841","Draymond Green","PF",28,2019,99.1625736757881,203.817837374626,142.272358577895,95.1556390289676,500.823991771182,412.470098578318,113.269860931042,94.1474074379871,169.086670947391,218.614963382539
"847","Dwayne Bacon","SG",23,2019,20.0859720365867,76.4588415203239,29.2643375965052,6.42326035580583,138.190709524006,46.8055565652737,18.4044577147219,3.39926004354866,26.9768963317915,49.9086512503232
"853","Dwight Buycks","PG",29,2019,22.092783543327,9.18455548595287,7.05358637285904,-3.94132153191399,21.1048493455777,16.5564270609098,1.29017609824126,-3.00296344504922,11.3976303753275,6.28085034317124
"871","Dwyane Wade","SG",37,2019,7.11036951968578,271.66469609906,150.885298240309,23.1845631163909,96.2603832600878,191.783060380839,39.4812400442924,18.6055835560125,124.633172102356,61.0698052054971
"877","E'Twaun Moore","SG",29,2019,75.2456621028877,143.556377232896,26.3849074292745,20.0699639275707,109.383590825506,106.79376100082,40.448903054736,12.4427603399899,47.9473932979421,101.821056918423
"889","Edmond Sumner","PG",23,2019,9.08597203658677,16.4588415203246,9.26433759650492,2.42326035580557,19.1907095240056,8.80555656527383,2.40445771472208,1.39926004354868,3.97689633179159,4.90865125032346
"901","Elfrid Payton","PG",24,2019,50.4649300914632,355.397103800806,144.410843991255,90.3081508895209,278.976773810001,502.763891413173,106.511144286801,28.9981501088698,191.442240829473,178.771628125803
"913","Emmanuel Mudiay","PG",22,2019,81.0796235986158,235.208194309235,150.95917646925,37.9417152687241,208.092975654311,291.807043772205,57.6099797364475,24.3592390848707,163.997434496299,118.699420794105
"925","Eric Bledsoe","PG",29,2019,93.8456621028878,269.556377232896,250.984907429274,34.0699639275708,225.183590825506,328.99376100082,91.0489030547359,26.4427603399899,184.147393297942,130.821056918423
"931","Eric Gordon","SG",30,2019,171.128750529988,139.294917091167,126.697456280654,10.7842888261732,120.743189879829,159.517423423322,39.6279451784304,16.1381132419926,102.208115648494,108.027150454308
"937","Eric Moreland","PF",27,2019,15.2415958557046,27.0887348031074,7.34808065530684,25.04308013414,86.4053118694923,28.6641770315587,8.00277266647407,17.7083730879127,14.0046806695148,37.994197925894
"943","Erik McCree","SF",25,2019,6.7413643213201,5.68453475917124,3.60603683075804,-0.0338563784594896,11.1637755602202,3.28799818027511,1.12381913051848,0.262828644883804,1.95071123215916,0.579380274246375
"949","Ersan Ilyasova","PF",31,2019,91.8118389570874,148.833456949438,81.8100051320333,95.4986137247756,243.102788934152,56.4410858458247,35.0069873021252,14.6334661439955,54.6688379990455,143.033243990192
"955","Evan Fournier","SF",26,2019,138.396396821588,242.140757658085,168.047260875136,33.5269892317635,195.904793662538,175.022773733313,58.1117766836521,7.5567016339815,114.565226246287,168.80277631077
"961","Evan Turner","SF",30,2019,42.5287505299875,246.094917091167,108.297456280654,29.9842888261732,285.343189879829,269.117423423322,53.8279451784305,15.9381132419927,137.208115648494,143.027150454308
"967","Frank Kaminsky","PF",25,2019,111.045800452815,202.551940692442,137.984274172009,58.9036983992624,288.012173762956,139.921035283876,41.7680639838367,33.2832782222096,70.5855458640699,123.37827453254
"973","Frank Mason","PG",24,2019,38.9136681789531,123.571688139747,100.435187213632,31.1947019886732,114.177242542113,153.046777372775,35.2641384226202,10.8310443442162,67.4638037819752,74.2440157622847
"979","Frank Ntilikina","PG",20,2019,62.6028836094873,162.120301662053,66.7517887451265,43.108935457203,170.231110469684,267.081894142773,71.8254155910278,21.1039071415459,139.51617398124,189.90255771444
"985","Fred VanVleet","PG",24,2019,71.9566541972453,94.3011088999082,62.0673560118815,16.9063321665783,121.772597304111,149.449555655408,44.4663672799798,12.53067436599,48.9522519478693,87.1983413874446
"991","Furkan Korkmaz","SG",21,2019,16.4305797518538,28.2331482814764,16.9226383622528,6.88037709007037,35.2176434877912,18.3231149502719,6.68509629892607,3.53569144221354,9.00308143142388,19.2379222264009
"997","Garrett Temple","SG",32,2019,60.094927384187,14.5719968077078,17.5225539834118,6.01293862337827,76.4623879884743,74.9647482683273,38.38602942582,9.72881904599849,36.5295603495973,97.2393375260759
"1003","Gary Harris","SG",24,2019,119.964930091463,237.647103800807,118.660843991254,46.0581508895209,164.976773810001,155.513891413175,88.2611442868013,15.4981501088698,92.6922408294731,116.021628125803
"1009","Gary Payton","PG",26,2019,12.4397426243452,19.1396487581795,5.57990486326017,5.22065706518086,32.732196358434,19.1732180779095,4.04540940367444,3.32602726799264,8.41297429842076,18.7044349233289
"1015","George Hill","PG",32,2019,94.494927384187,115.371996807707,89.9225539834122,19.2129386233782,143.662387988475,189.764748268327,43.5860294258198,9.52881904599843,64.1295603495972,105.439337526076
"1021","Georges Niang","PF",25,2019,11.1981984107952,16.970378829045,8.32363043757123,3.06349461587958,27.7523968312733,10.3113868666587,3.25588834182724,0.678350816991262,6.18261312314486,5.20138815538652
"1033","Gerald Green","SG",33,2019,111.578015811287,57.5105366659782,44.2351028347911,2.72726352198073,91.0219870427968,20.0884106908295,14.1650715495145,8.42417194800121,42.7902827001491,93.0454310619607
"1039","Gian Clavell","SG",25,2019,12.7413643213197,5.68453475917104,5.60603683075782,0.966143621540773,16.1637755602203,6.2879981802748,2.12381913051838,0.26282864488368,2.95071123215924,8.57938027424623
"1045","Giannis Antetokounmpo","PF",24,2019,62.0302199673887,511.063677941542,360.422163172378,126.298339434559,529.985595553892,328.575448888307,101.753692436263,107.965995829976,205.443781545184,245.790589239001
"1051","Glenn Robinson","SF",25,2019,40.2841704473798,77.1792203493657,42.5879680340704,26.7367549716895,109.193106355271,40.3669434319261,22.4103460565468,9.82761086053864,23.9095094549331,33.8600394057064
"1057","Goran Dragic","PG",32,2019,101.094927384187,330.971996807707,189.122553983413,43.0129386233782,174.662387988475,362.564748268327,61.9860294258196,6.92881904599839,166.929560349597,167.039337526076
"1063","Gordon Hayward","SF",28,2019,113.762573675788,288.617837374626,284.872358577895,38.9556390289683,276.423991771183,248.270098578318,71.8698609310414,21.347407437987,147.286670947391,110.814963382539
"1081","Guerschon Yabusele","PF",23,2019,21.0859720365866,29.4588415203243,24.2643375965049,19.4232603558057,53.1907095240062,24.805556565274,6.40445771472221,6.3992600435488,15.9768963317914,26.9086512503233
"1087","Harrison Barnes","PF",26,2019,107.796396821589,339.140757658085,181.847260875136,87.1269892317637,338.704793662538,136.022773733312,57.7117766836521,16.9567016339815,90.7652262462869,135.80277631077
"1099","Henry Ellenson","PF",22,2019,30.9735657701457,55.9625690416375,34.0548071605025,15.0920072679753,87.3129982497888,32.2258932329058,8.88732515628563,3.73532146398726,24.9915295973178,23.1922478515607
"1105","Ian Clark","SG",27,2019,52.6794852486884,85.8792975163557,31.359809726516,7.84131413036581,82.2643927168613,62.5464361558148,19.2908188073467,6.85205453598438,35.4259485968388,58.2088698466547
"1123","Iman Shumpert","SG",28,2019,71.762573675788,77.8178373746259,40.2723585778953,36.5556390289683,166.423991771183,92.4700985783178,54.2698609310414,13.747407437987,59.4866709473906,121.014963382539
"1129","Isaiah Canaan","PG-SG",27,2019,84.2794852486883,51.2792975163561,64.3598097265156,8.84131413036594,87.0643927168613,78.3464361558148,24.2908188073468,3.85205453598427,44.6259485968386,60.8088698466546
"1135","Isaiah Hicks","PF",24,2019,9.91366817895313,41.5716881397474,18.4351872136314,11.1947019886732,45.1772425421132,22.046777372775,3.26413842262018,4.83104434421634,18.4638037819752,47.2440157622849
"1141","Isaiah Taylor","PG",24,2019,22.4566541972454,90.3011088999082,61.0673560118811,13.9063321665783,60.2725973041115,114.949555655408,19.9663672799799,7.03067436598996,46.4522519478691,65.1983413874447
"1147","Isaiah Thomas","PG",29,2019,155.445662102888,285.556377232896,353.984907429274,27.2699639275707,136.783590825506,357.39376100082,56.448903054736,3.84276033998977,166.947393297942,133.821056918423
"1153","Isaiah Whitehead","PG",23,2019,39.7151099836957,122.131838970773,67.3110815861917,22.2491697172771,116.292797776951,120.587724444157,29.1768462181328,21.3829979149886,89.7218907725934,105.695294619503
"1159","Ish Smith","PG",30,2019,34.9287505299873,211.094917091167,45.897456280654,13.7842888261733,157.543189879829,307.317423423322,47.4279451784305,13.7381132419926,93.8081156484938,86.6271504543074
"1165","Ivan Rabb","PF",21,2019,11.4305797518539,111.233148281476,43.9226383622527,57.8803770900707,131.217643487791,46.3231149502726,16.6850962989261,15.5356914422137,42.0030814314237,62.2379222264008
"1177","J.J. Barea","PG",34,2019,72.2611042383864,73.8490765242487,16.3476516861708,-10.5584115794169,65.3815860971196,245.412073113332,0.944113673209124,-10.8804751499959,70.8510050507005,54.6515245978442
"1183","J.J. Redick","SG",34,2019,166.661104238387,101.249076524249,113.547651686171,-16.1584115794169,71.7815860971204,74.6120731133321,13.7441136732091,-5.28047514999578,51.2510050507005,79.8515245978443
"1189","J.R. Smith","SG",33,2019,155.578015811287,45.910536665978,1.83510283479112,6.12726352198075,135.221987042797,104.08841069083,44.7650715495143,6.42417194800116,46.7902827001489,128.645431061961
"1195","Jabari Bird","SG",24,2019,10.9136681789532,22.571688139748,12.4351872136317,7.19470198867285,27.1772425421128,14.0467773727743,4.26413842262013,1.83104434421611,10.4638037819754,9.2440157622845
"1201","Jabari Parker","PF",23,2019,52.8956897355467,306.364987252248,135.983719948438,82.6295468073525,231.510441264732,122.160839394422,52.6119425170558,21.4186893572008,88.9749722040135,103.183216845899
"1207","Jack Cooley","PF",27,2019,14.5088030880294,15.4370301367711,14.8567913111392,9.45824231959333,32.882504936755,6.20243706568007,1.52890924208867,1.02064021354285,2.35059298076051,16.1191797095331
"1213","Jacob Pullen","PG",29,2019,2.05214889078528,-12.8640787631331,-7.71056470073715,-4.94808984698886,-5.89009236735083,-7.74711858972265,-4.43745803788954,-2.0100341524461,-4.10165896710583,-6.07916167790901
"1219","Jacob Wiley","PF",24,2019,8.91366817895309,10.5716881397464,7.43518721363185,3.19470198867314,23.1772425421134,8.04677737277555,2.26413842262019,0.831044344216245,2.46380378197556,6.24401576228453
"1225","Jae Crowder","SF",28,2019,114.362573675788,157.217837374626,126.272358577895,52.7556390289683,261.423991771183,104.670098578317,73.4698609310415,22.9474074379871,60.6866709473904,150.014963382539
"1237","JaKarr Sampson","SF",25,2019,38.1605497630827,123.153552832849,69.1035493639661,37.5953914255134,148.810469106253,61.0443327248875,26.7511422243505,29.4055234843519,58.4078409352006,114.8722538621
"1243","Jake Layman","SF",24,2019,20.9566541972453,29.8011088999088,18.5673560118813,7.4063321665783,38.2725973041119,21.4495556554078,9.96636727997992,5.03067436598988,12.4522519478693,21.6983413874448
"1255","Jalen Jones","SF",25,2019,16.7413643213197,21.6845347591716,15.6060368307581,12.9661436215405,35.1637755602204,7.28799818027511,5.12381913051833,1.26282864488378,7.95071123215919,22.579380274246
"1261","Jamal Crawford","SG",38,2019,102.593457946785,82.403235957331,117.197847091687,-21.1011119850067,-0.980017685589473,105.906722803342,14.6602821679872,-6.89906354198473,63.6938944529072,53.4758987413813
"1267","Jamal Murray","PG",21,2019,157.732021556596,287.293299112502,191.298532734813,69.4348448186746,235.333198722629,244.864062021654,72.597804094438,30.0876450129857,153.761168422042,160.189201083618
"1273","Jameel Warney","PF",25,2019,6.74136432131964,12.6845347591714,6.60603683075783,3.9661436215406,15.1637755602207,3.28799818027531,0.123819130518449,0.26282864488368,1.95071123215924,2.57938027424612
"1279","Jameer Nelson","PG",36,2019,69.2272810925857,-12.6738437592104,-29.0272506110713,-11.3297617822117,47.3007842057643,226.459397958337,8.30219792059816,-10.0897693459901,66.1724497518041,85.4637116696127
"1285","Jamel Artis","SG",26,2019,13.5690604636862,23.7973813785956,7.77688644788373,2.73758525440849,40.1503085783271,18.5292189877757,0.983499838416158,2.69461294555141,7.43761868234279,9.91474478620705
"1291","James Ennis","SF",28,2019,50.7418915151292,70.7755699950419,66.6193401625188,47.2725672181957,127.092103991077,45.4260994881826,28.1079513657834,12.5659931155458,38.0613153313125,97.1252732454176
"1297","James Harden","SG",29,2019,240.445662102888,394.556377232897,664.384907429274,57.0699639275707,401.783590825507,619.793761000822,122.248903054736,41.8427603399898,338.547393297941,188.021056918423
"1303","James Johnson","PF",31,2019,43.2118389570874,143.633456949437,60.6100051320332,37.8986137247757,175.702788934152,137.041085845825,38.6069873021252,52.2334661439955,84.0688379990455,124.433243990192
"1309","James Michael McAdoo","PF",26,2019,18.1034108032964,46.2113368979241,24.7650920768865,19.6653590538585,52.6594389005392,17.4699954506783,8.5595478262921,12.4070716122078,12.8767780803928,28.44845068561
"1315","James Webb","SF",25,2019,10.7413643213195,7.68453475917138,3.60603683075733,7.96614362154065,26.1637755602201,7.2879981802742,1.12381913051823,0.262828644883744,4.95071123215932,10.579380274246
"1321","James Young","SG",23,2019,35.1456897355468,60.6149872522475,36.9837199484381,13.8795468073523,74.7604412647325,35.9108393944219,14.8619425170559,6.16868935720058,17.4749722040135,28.4332168458993
"1327","Jamil Wilson","SF",28,2019,30.2244527484192,2.0230746174432,-2.88141431786357,-0.719531479856485,27.1233746145413,5.01166060277649,1.70286125421266,6.55818154688649,4.41143358271046,29.5854738101297
"1333","JaMychal Green","PF",28,2019,39.2418915151292,144.025569995042,76.1193401625187,111.772567218196,243.842103991077,52.9260994881823,27.1079513657834,22.0659931155457,61.5613153313125,146.875273245417
"1339","Jared Dudley","PF",33,2019,68.9780158112868,13.5105366659779,-0.164897165208732,10.1272635219808,112.421987042797,75.2884106908295,28.3650715495144,2.62417194800124,32.3902827001488,106.04543106196
"1345","Jarell Eddie","SF",27,2019,16.6899183556149,0.669993836803002,5.00100597384731,-2.34386840260086,18.9583058353864,0.885918513879545,-0.459879851236792,-0.656251241786585,-1.46682433519437,-1.28026741961452
"1351","Jarell Martin","PF",24,2019,31.7237415014154,124.326247453595,74.6425749377556,63.3608151335275,163.039107726741,47.7719270022083,25.3820359013736,24.0863762875411,51.2783976303686,126.707545508617
"1363","Jarrett Jack","PG",35,2019,21.3441926654864,53.5876163825194,35.2602005375501,-17.6440866808143,70.7411851514425,195.335735535834,11.1231557969035,-4.78512224799298,70.711727401252,49.4576181337287
"1375","Jason Terry","SG",41,2019,42.8427232280842,-160.581144467858,-92.0645063541753,-43.5581372891984,-78.5012205226228,-18.9222899291522,-7.00259146092932,-12.0130048359761,-21.5239384954383,8.89417934903358
"1387","Jawun Evans","PG",22,2019,25.2582758942203,94.3459949008999,50.0934879793793,12.6518187229384,97.2041765058993,111.564335757773,39.544777006824,7.96747574288125,49.4899888816076,102.573286738362
"1393","Jaylen Brown","SG",22,2019,99.473565770146,231.962569041638,137.054807160503,62.0920072679758,262.81299824979,107.725893232906,58.3873251562854,25.2353214639872,104.991529597318,170.692247851561
"1399","Jaylen Morris","SG",23,2019,11.0859720365869,26.4588415203251,9.26433759650567,4.42326035580579,32.1907095240062,15.8055565652735,4.40445771472196,2.39926004354867,9.97689633179165,5.90865125032383
"1405","Jayson Tatum","SF",20,2019,117.602883609487,322.120301662052,230.751788745126,56.1089354572032,382.231110469684,145.081894142772,88.8254155910278,61.1039071415461,122.51617398124,178.90255771444
"1411","Jeff Green","PF",32,2019,81.2949273841871,206.371996807708,169.522553983412,37.2129386233782,204.062387988475,80.9647482683274,30.1860294258198,24.7288190459984,80.3295603495971,122.039337526076
"1417","Jeff Teague","PG",30,2019,93.1287505299875,288.294917091167,262.897456280654,17.1842888261734,184.543189879829,507.917423423322,90.4279451784305,19.7381132419927,195.808115648493,143.427150454308
"1429","Jerami Grant","PF",24,2019,62.4649300914632,191.647103800806,167.660843991254,74.0581508895209,248.226773810001,101.263891413175,45.5111442868012,91.2481501088696,83.1922408294733,175.771628125803
"1435","Jeremy Evans","SF",31,2019,6.11795214419199,3.38922560379696,-7.51034844743336,21.2687308548124,43.3336325877857,-15.2559990034821,-1.6672973843223,9.22301153071688,-5.9783036052774,24.3296124427234
"1441","Jeremy Lamb","SG",26,2019,84.7963968215883,199.140757658085,104.247260875136,32.7269892317635,230.104793662538,112.022773733312,42.9117766836521,24.7567016339815,58.5652262462869,110.60277631077
"1447","Jeremy Lin","PG",30,2019,63.7287505299875,117.294917091167,137.897456280654,8.98428882617331,117.943189879829,190.717423423322,37.8279451784303,17.5381132419927,102.408115648494,103.827150454308
"1453","Jerian Grant","PG",26,2019,56.7011927375484,127.777633931289,105.659306739594,22.7799149983307,135.985239799171,218.070143565545,52.8207587329663,8.81351349021149,74.2260274311043,107.382336889796
"1459","Jerryd Bayless","SG",30,2019,61.3287505299875,63.8949170911667,45.4974562806537,2.98428882617327,87.5431898798297,110.917423423322,25.6279451784305,2.13811324199262,54.8081156484937,89.4271504543075
"1465","Jimmy Butler","SG",29,2019,84.0456621028877,339.356377232896,385.984907429274,87.669963927571,270.983590825506,270.39376100082,113.248903054736,30.44276033999,109.547393297942,94.0210569184231
"1477","Jodie Meeks","SG",31,2019,77.4118389570874,55.4334569494375,78.4100051320332,-4.70138627522437,62.9027889341516,38.2410858458244,31.0069873021251,-3.5665338560046,30.0688379990454,37.0332439901917
"1483","Joe Harris","SG",27,2019,80.6726511592129,62.2434534464837,34.5359661197025,21.7210322602917,108.875771445808,54.0730474694304,15.9587495960379,6.73653236387681,41.8440467058525,81.5368619655138
"1489","Joe Ingles","SF",31,2019,122.199612582878,35.6219196407184,10.2919622909668,1.98887946470214,157.741101626883,211.235255544439,74.5555566750198,16.8043753705528,75.4631212076916,113.140507085128
"1495","Joe Johnson","SF",37,2019,92.5103695196856,91.6646960990604,0.987098240308484,-9.64923688360903,96.0603832600883,126.983060380839,59.4812400442925,4.60558355601254,30.2331721023557,62.0698052054974
"1501","Joe Young","PG",26,2019,26.0345260708818,50.7776339312888,16.4579734062614,3.71324833166415,41.9852397991708,39.4034768988781,27.1540920662998,5.48018015687815,11.2260274311043,25.7156702231297
"1507","Joel Bolomboy","PF",25,2019,11.1981984107952,16.4703788290433,9.82363043757057,5.56349461587928,25.7523968312727,7.31138686665892,2.25588834182715,1.67835081699137,4.18261312314542,3.70138815538701
"1525","John Collins","PF",21,2019,27.4305797518536,323.233148281476,147.922638362253,180.88037709007,391.21764348779,112.323114950272,51.6850962989259,82.5356914422133,112.003081431424,222.237922226401
"1537","John Holland","SF",30,2019,11.8798450331519,-12.7512321437096,-1.53971508361127,-0.176648214121251,8.09644065075564,-5.50589778222277,1.4222226700088,-0.57824985177858,1.38524848307765,2.25620283405219
"1543","John Wall","PG",28,2019,102.162573675788,424.217837374626,236.365758577895,24.9138390289684,222.823991771183,619.270098578318,252.669860931042,62.7474074379871,222.88667094739,183.014963382539
"1549","Johnathan Motley","PF",23,2019,10.0859720365868,54.4588415203244,24.264337596505,16.4232603558058,53.1907095240059,15.8055565652735,5.40445771472208,3.39926004354863,12.9768963317915,21.9086512503232
"1555","Johnny O'Bryant","PF",25,2019,24.2841704473796,75.1792203493654,25.6914680340705,19.1555049716895,79.6931063552704,68.3669434319264,14.6603460565469,9.32761086053868,19.6595094549334,38.1100394057069
"1561","Jon Leuer","PF",29,2019,35.0456621028878,111.956377232897,25.2901074292743,29.4223639275708,134.183590825506,98.7937610008201,19.0489030547361,14.0427603399899,23.7473932979422,65.421056918423
"1567","Jonas Jerebko","PF",31,2019,51.4118389570873,32.6334569494373,5.50760513203321,34.0550137247757,133.502788934152,73.4410858458247,20.0069873021252,7.43346614399553,17.0688379990455,82.6332439901916
"1579","Jonathan Gibson","PG",31,2019,10.6474636920942,-19.0140015961429,-8.1387230082921,-9.99353068831243,-6.86880600576104,-3.51762586583516,-5.50698528708983,-4.4355904770006,0.564780174799353,-0.280331236961473
"1585","Jonathan Isaac","PF",21,2019,27.4305797518538,64.2331482814762,33.9226383622527,20.8803770900706,109.217643487791,32.3231149502724,37.6850962989259,32.5356914422136,34.0030814314238,55.2379222264007
"1591","Jonathon Simmons","SG",29,2019,44.6673695917476,157.454713647831,83.1980711090194,18.9918981288693,104.904437907816,119.184135077216,46.9788429803555,18.404219294217,67.4808054655408,114.727857294898
"1603","Jordan Clarkson","SG",26,2019,111.353410803296,331.961336897924,113.385842076887,40.6163590538585,171.659438900539,246.469995450678,97.5595478262923,29.1570716122078,100.876778080393,126.69845068561
"1609","Jordan Crawford","SG",30,2019,51.6447008997261,70.9162766788795,37.9343111809007,-0.633014558164845,50.6398873356147,99.0997962865642,8.97376452439405,-2.12520870719182,42.5753353041964,37.7868710136113
"1615","Jordan Mickey","PF",24,2019,18.0570748347486,47.6595807869275,23.7639082710888,14.5274818001943,64.0391077267408,25.438593668875,7.38203590137355,7.75304295420768,19.6117309637022,23.040878841951
"1621","Jose Calderon","PG",37,2019,62.5103695196856,-50.1353039009399,-56.4043017596914,-23.840436883609,-14.1396167399123,123.383060380839,51.0812400442925,-1.9944164439875,7.83317210235552,31.6698052054971
"1627","Josh Gray","PG",25,2019,9.74136432131968,13.6845347591718,10.6060368307579,1.9661436215405,18.1637755602204,15.287998180275,8.12381913051828,2.2628286448838,7.95071123215902,8.57938027424575
"1633","Josh Hart","SG",23,2019,87.0859720365868,113.458841520324,75.264337596505,44.4232603558058,239.190709524006,88.8055565652737,49.4044577147222,17.3992600435487,50.9768963317915,110.908651250323
"1639","Josh Huestis","PF",27,2019,23.3565850222815,9.00332717013683,1.86200597384746,11.9894649307324,51.6249725020529,10.219251847213,2.20678681542945,14.6770820915466,7.19984233147179,25.0530659137192
"1645","Josh Jackson","SF",21,2019,68.4305797518538,357.233148281476,191.922638362252,99.8803770900706,282.217643487791,133.323114950273,84.685096298926,37.5356914422137,153.003081431424,225.237922226401
"1651","Josh Magette","PG",29,2019,10.0521488907854,-6.86407876313274,0.289435299262436,-2.94808984698871,11.1099076326489,49.2528814102772,3.5625419621108,-1.01003415244598,3.89834103289382,9.92083832209076
"1657","Josh McRoberts","PF",31,2019,31.4118389570874,-4.16654305056286,-13.5075948679671,5.83861372477578,54.1027889341514,75.4410858458247,16.6069873021251,7.03346614399563,8.66883799904551,37.0332439901916
"1663","Josh Richardson","SF",25,2019,100.045800452815,174.218607359109,71.1676075053416,36.459365065929,149.012173762956,169.587701950543,86.4347306505035,51.2832782222096,80.5855458640699,125.37827453254
"1669","Josh Smith","PF",33,2019,42.7479770695745,133.622728630049,23.4559240638876,38.1711014684513,159.746097205485,132.311936245273,46.6706272170163,53.7796094850565,83.9365948209179,92.7594817704731
"1675","Jrue Holiday","SG",28,2019,91.9625736757881,289.217837374626,81.1693585778952,27.5242390289683,163.423991771184,338.270098578317,141.269860931041,44.147407437987,120.28667094739,134.014963382539
"1681","Juan Hernangomez","PF",23,2019,44.2151099836957,60.6318389707735,48.8110815861918,34.7491697172771,119.292797776951,35.0877244441571,22.1768462181327,9.8829979149885,26.7218907725934,50.1952946195028
"1693","Julyan Stone","SG",30,2019,12.501054387621,-29.3179295282562,-15.973393336473,-10.8871528066943,13.3566568617214,1.27620261582075,-7.531735529468,-3.8936710586748,-6.27879180169019,2.09178594234612
"1699","Justin Anderson","SF",25,2019,53.0458004528152,94.5519406924421,54.4739408386751,33.170365065929,113.012173762956,84.5877019505429,30.1013973171702,17.616611555543,39.5855458640701,65.7116078658736
"1705","Justin Holiday","SG",29,2019,90.3111318710456,70.8076865436009,47.4127142053348,8.38367130036459,128.058436536346,85.7791515069348,52.0071531355287,22.8954538672147,42.7785839567721,72.963684525321
"1711","Justin Jackson","SF",23,2019,66.0859720365866,143.458841520324,35.2643375965048,29.4232603558058,178.190709524006,82.8055565652732,30.404457714722,14.3992600435487,43.9768963317914,84.9086512503233
"1723","Justise Winslow","PF",22,2019,51.4129569319491,178.541527642567,59.7781764692502,38.1697152687243,202.092975654311,232.473710438871,74.2766464031143,40.3592390848707,58.330767829633,109.032754127438
"1735","Kadeem Allen","PG",26,2019,5.56906046368626,6.79738137859459,7.77688644788378,2.7375852544084,13.1503085783271,12.5292189877761,1.98349983841646,1.6946129455515,8.43761868234256,13.9147447862072
"1747","Kawhi Leonard","SF",27,2019,102.479485248688,316.679297516356,165.872809726516,47.0161141303658,261.064392716861,217.946436155815,117.890818807347,57.6520545359842,83.4259485968387,96.6088698466546
"1753","Kay Felder","PG",23,2019,19.7151099836956,61.6318389707731,38.3110815861919,7.24916971727714,55.7927977769507,53.5877244441573,14.6768462181325,6.38299791498867,29.7218907725933,31.1952946195025
"1759","Kelly Olynyk","PF",27,2019,89.8794852486883,198.079297516356,88.4660097265154,76.3913141303659,250.064392716861,175.146436155815,59.8908188073467,36.0520545359842,95.8259485968387,187.008869846654
"1765","Kelly Oubre","SF",23,2019,88.0683492166822,167.100554214748,111.129542370169,46.6955985344592,218.066041690526,113.956152053873,56.6626744855773,28.2228076862059,58.9712493966674,164.370149818028
"1771","Kemba Walker","PG",28,2019,183.762573675788,348.417837374625,233.371358577895,23.9250390289682,207.823991771183,396.070098578317,149.069860931041,44.9474074379871,126.28667094739,115.014963382539
"1783","Kenneth Faried","PF",29,2019,11.2456621028875,272.156377232896,101.896507429274,136.392563927571,292.583590825506,155.59376100082,44.448903054736,38.44276033999,69.747393297942,122.421056918423
"1789","Kent Bazemore","SG",29,2019,90.8456621028877,135.356377232896,69.2883074292745,10.4329639275707,147.383590825506,178.39376100082,82.648903054736,44.4427603399899,85.1473932979421,124.221056918423
"1795","Kentavious Caldwell-Pope","SG",25,2019,152.513308394489,246.002217799814,115.030512023757,44.7748643331609,229.945194608216,181.09911131081,105.132734559957,36.6613487319786,73.3045038957353,143.196682774886
"1801","Kevin Durant","PF",30,2019,153.728750529988,410.094917091167,288.612056280654,15.3638888261733,317.143189879829,341.517423423321,108.62794517843,68.7381132419925,144.008115648494,126.227150454308
"1825","Khris Middleton","SF",27,2019,130.479485248688,301.079297516356,135.861209726516,30.4189141303658,240.264392716861,220.346436155815,137.290818807347,37.6520545359843,102.025948596839,189.408869846655
"1831","Klay Thompson","SG",28,2019,261.362573675788,351.817837374626,124.786158577895,22.9302390289683,200.023991771183,206.870098578317,84.2698609310413,44.1474074379869,113.086670947391,143.414963382539
"1837","Kobi Simmons","PG",21,2019,22.4305797518537,94.233148281476,39.9226383622526,18.8803770900707,62.2176434877912,82.3231149502727,22.6850962989259,7.53569144221352,51.0030814314241,68.237922226401
"1849","Kris Dunn","PG",24,2019,44.4566541972454,188.301108899908,71.0673560118813,26.4063321665783,192.772597304112,259.449555655409,93.4663672799799,33.0306743659899,123.952251947869,180.698341387445
"1855","Kristaps Porzingis","PF",23,2019,114.068349216682,345.100554214748,161.123209036836,64.4305985344592,291.732708357193,247.956152053873,65.329341152244,102.556141019539,124.971249396667,178.703483151361
"1861","Kyle Anderson","SF",25,2019,32.0341704473796,137.429220349365,55.7099680340705,33.6735049716896,180.19310635527,156.366943431926,79.1603460565468,40.3276108605386,49.1595094549333,71.6100394057068
"1867","Kyle Collinsworth","SF",27,2019,8.39675660605244,29.9102279980193,18.9477360650102,29.5090268872759,77.1368415964353,53.7704397952761,14.8431805463145,8.12639724621876,21.9245261325263,41.2501092981686
"1873","Kyle Korver","SG",37,2019,160.710369519686,-55.3353039009397,-20.6021017596917,-28.6488368836091,81.6603832600874,93.9830603808393,34.0812400442926,17.4055835560126,28.0331721023555,72.8698052054971
"1879","Kyle Kuzma","PF",23,2019,168.085972036586,324.458841520323,156.264337596505,90.4232603558058,413.190709524006,149.805556565274,51.404457714722,35.3992600435487,143.976896331792,163.908651250323
"1885","Kyle Lowry","PG",32,2019,193.294927384187,186.571996807708,180.225753983412,30.3751386233783,205.462387988475,438.564748268329,160.38602942582,35.9288190459985,128.529560349597,186.639337526076
"1897","Kyle Singler","SF",30,2019,53.1287505299874,31.0949170911668,22.1888562806537,18.1160888261733,75.7431898798286,41.9174234233221,15.8279451784305,13.3381132419927,17.6081156484938,69.2271504543075
"1903","Kyrie Irving","PG",26,2019,162.796396821588,422.340757658085,240.746460875137,39.7039892317635,195.504793662538,353.222773733313,125.311776683652,29.3567016339815,147.165226246287,145.80277631077
"1915","Lance Stephenson","SG",28,2019,55.762573675788,195.017837374626,56.9749585778953,33.9124390289683,240.623991771183,219.270098578317,49.8698609310414,13.547407437987,96.2866709473904,119.814963382539
"1921","Lance Thomas","PF",30,2019,35.1287505299874,45.8949170911665,11.9974562806537,15.1556888261733,68.3431898798289,35.9174234233217,16.0279451784305,4.33811324199269,15.8081156484938,59.6271504543076
"1927","Langston Galloway","SG",27,2019,97.4226511592127,110.493453446483,38.8067161197024,16.282463136027,116.375771445808,148.573047469431,82.4587495960379,24.2365323638768,35.3440467058525,78.5368619655138
"1933","Larry Drew","PG",28,2019,15.0780434439458,2.21914668533017,-2.71608464604442,-3.61315359823797,14.3488374820227,23.3054890844322,-1.82188898816585,-1.8998990347882,9.5678616062206,3.45759098943697
"1945","Lauri Markkanen","PF",21,2019,156.430579751853,254.233148281476,154.922638362253,83.8803770900707,455.217643487792,93.3231149502725,43.6850962989258,42.5356914422136,90.0030814314239,110.237922226401
"1951","LeBron James","PF",34,2019,112.461104238386,529.649076524249,257.857851686171,36.9877884205832,354.581586097121,537.812073113332,164.544113673209,46.5195248500042,216.251005050701,119.251524597844
"1957","London Perrantes","PG",24,2019,7.91366817895319,12.5716881397476,9.43518721363145,2.19470198867297,17.1772425421128,11.0467773727746,3.26413842262009,1.8310443442163,3.46380378197513,8.24401576228468
"1963","Lonzo Ball","PG",21,2019,101.430579751853,138.233148281476,46.9226383622527,73.8803770900707,317.217643487791,390.323114950273,92.6850962989259,45.5356914422136,143.003081431424,124.237922226401
"1969","Lorenzo Brown","PG",28,2019,19.0479147561175,16.0389710644182,3.40886778558347,-0.315325065645631,35.4649356612368,34.6420981233847,8.95081571367032,1.01311459920772,8.02434875542929,14.5598084510998
"1975","Lou Williams","SG",32,2019,138.294927384187,168.971996807708,228.020153983412,-0.821061376621739,83.4623879884745,202.764748268327,73.9860294258199,14.1288190459985,98.3295603495973,68.039337526076
"1981","Luc Mbah a Moute","PF",32,2019,37.2949273841871,54.7719968077079,16.0197539834121,19.9181386233783,99.4623879884743,44.3647482683272,39.7860294258198,18.9288190459984,31.7295603495971,59.039337526076
"1993","Luis Montero","SG",25,2019,15.7411844290873,20.6997995892045,11.6002992358206,2.15012479378449,27.3477515932718,12.7141651492929,2.45811719918702,1.37798083876511,5.17106128903934,5.6557137805471
"1999","Luke Babbitt","SF",29,2019,68.0456621028877,16.3563772328964,-0.715492570725644,0.0259639275709773,80.7835908255061,41.3937610008194,12.2489030547359,6.44276033998991,9.14739329794195,50.4210569184228
"2005","Luke Kennard","SG",22,2019,91.2582758942204,145.3459949009,77.0934879793791,24.6518187229384,177.204176505898,135.564335757773,47.5447770068238,14.9674757428809,74.4899888816077,91.5732867383622
"2011","Luke Kornet","PF",23,2019,37.0859720365867,36.4588415203238,17.2643375965053,13.4232603558062,71.1907095240053,34.8055565652731,8.40445771472195,17.3992600435487,15.9768963317914,31.9086512503232
"2017","Luol Deng","SF",33,2019,51.5780158112867,113.310536665978,44.1379028347913,28.4782635219808,125.221987042797,122.68841069083,40.7650715495143,14.4241719480012,31.590282700149,40.8454310619605
"2023","Malachi Richardson","SG",23,2019,24.2151099836957,44.6318389707731,31.3110815861918,8.24916971727711,53.7927977769509,26.5877244441572,11.6768462181327,3.38299791498859,15.7218907725936,31.6952946195027
"2029","Malcolm Brogdon","PG",26,2019,78.939742624345,200.63964875818,94.5799048632604,33.7206570651808,160.732196358434,236.67321807791,61.5454094036744,12.3260272679929,89.4129742984208,133.204434923329
"2035","Malcolm Delaney","PG",29,2019,39.6643752649944,72.647458545586,64.3487281403287,2.69214441308479,95.1715949399169,167.758711711663,30.9139725892162,0.769056620996702,73.6040578242479,88.7135752271546
"2041","Malcolm Miller","SF",25,2019,14.7413643213198,10.6845347591712,7.60603683075767,3.96614362154055,21.1637755602205,6.28799818027485,1.1238191305184,2.26282864488384,5.95071123215907,10.5793802742458
"2047","Malik Beasley","SG",22,2019,34.4735657701458,67.4625690416375,34.5548071605024,15.5920072679757,69.8129982497894,39.7258932329057,16.8873251562855,6.73532146398722,24.9915295973176,32.1922478515607
"2053","Malik Monk","SG",20,2019,95.6028836094872,100.120301662053,49.7517887451265,14.1089354572032,88.2311104696837,108.081894142772,25.8254155910279,12.1039071415461,56.5161739812401,67.9025577144396
"2065","Manu Ginobili","SG",41,2019,49.0427232280847,-55.5811444678571,-12.9579063541752,-32.9955372891981,-19.5012205226234,104.077710070849,37.997408539071,2.78699516402398,37.2760615045619,50.4941793490337
"2083","Marco Belinelli","SG",32,2019,111.094927384187,99.5719968077078,61.413953983412,-5.42046137662174,91.0623879884741,99.9647482683272,44.5860294258199,4.72881904599854,41.5295603495971,68.639337526076
"2089","Marcus Georges-Hunt","SG",24,2019,14.9566541972455,27.3011088999081,22.0673560118813,6.40633216657827,31.7725973041117,15.4495556554082,5.96636727997993,1.53067436599001,6.95225194786937,22.6983413874446
"2095","Marcus Morris","PF",29,2019,115.445662102888,215.756377232896,80.4831074292743,45.6197639275708,232.983590825506,159.19376100082,75.848903054736,23.84276033999,59.3473932979421,139.021056918423
"2101","Marcus Paige","PG",25,2019,8.74136432131933,7.68453475917136,5.6060368307574,-0.033856378459177,14.1637755602204,6.28799818027468,0.123819130518342,0.262828644883704,0.950711232159065,0.579380274246006
"2107","Marcus Smart","SG",24,2019,102.964930091463,162.647103800806,118.762093991255,51.7524008895209,197.976773810002,293.513891413175,126.011144286801,44.9981501088697,108.942240829473,155.021628125803
"2113","Mario Chalmers","PG",32,2019,65.5579646068832,83.5059771169233,72.1604128082271,-2.51608383836803,91.5398648966355,215.527968620896,117.376664916347,22.6263105078868,92.1041456078201,159.419547106598
"2119","Mario Hezonja","SF",23,2019,86.4016825500157,161.100554214748,64.4718757035026,27.1202652011259,173.066041690526,135.956152053873,79.6626744855773,31.5561410195392,63.6379160633341,111.703483151361
"2125","Markel Brown","SG",27,2019,33.9082625223712,53.4220681364411,18.8324139886402,2.96141346747318,57.0719785361597,56.6641770315589,38.3361059998073,16.0417064212459,13.6713473361814,36.6608645925608
"2131","Markelle Fultz","SG",20,2019,12.6028836094874,75.120301662053,27.7517887451265,17.1089354572032,62.2311104696843,70.0818941427722,17.8254155910277,7.10390714154601,25.5161739812402,30.9025577144396
"2137","Markieff Morris","PF",29,2019,67.8456621028877,313.756377232896,132.476507429274,76.4169639275707,305.383590825506,178.99376100082,77.448903054736,41.8427603399899,112.147393297942,204.821056918423
"2143","Marquese Chriss","PF",21,2019,81.7320215565959,219.293299112502,128.298532734813,93.9348448186746,326.833198722629,94.3640620216549,66.5978040944382,74.0876450129856,118.761168422042,245.689201083618
"2149","Marquis Teague","PG",25,2019,29.0856122521219,59.4893711803911,38.9638624066304,7.04122270029345,72.5586615901079,59.1578905033086,13.0730538520594,6.12956443131098,31.4175964455513,35.5613182629243
"2167","MarShon Brooks","SG",30,2019,24.5010543876208,6.18207047174329,8.52660666352723,-2.88715280669428,18.856656861721,7.27620261582095,1.46826447053215,-1.39367105867501,7.72120819830967,-1.40821405765408
"2173","Marvin Williams","PF",32,2019,116.494927384187,84.5719968077077,33.2333539834121,39.7795386233783,245.062387988474,143.164748268327,50.3860294258198,34.3288190459984,40.3295603495971,95.2393375260759
"2191","Matt Williams","SG",25,2019,7.74136432131962,6.68453475917124,3.60603683075776,-0.0338563784594399,11.16377556022,3.28799818027494,0.123819130518534,0.262828644883818,1.95071123215904,1.57938027424615
"2197","Matthew Dellavedova","PG",28,2019,80.562573675788,67.017837374626,31.5725585778951,14.7284390289683,88.2239917711834,207.070098578317,86.8698609310414,8.14740743798706,57.6866709473905,115.214963382539
"2203","Maurice Harkless","SF",25,2019,69.9133083944886,180.202217799814,67.4391120237569,60.5370643331609,185.745194608216,126.09911131081,70.7327345599575,47.2613487319786,63.7045038957352,125.396682774886
"2209","Maxi Kleber","PF",27,2019,44.3967566060526,106.910227998019,41.9477360650102,68.5090268872759,165.136841596435,48.7704397952761,23.8431805463144,46.1263972462189,27.9245261325264,111.250109298169
"2221","Michael Beasley","PF",30,2019,24.1287505299876,146.694917091167,36.4032562806537,22.5394888261733,129.743189879829,49.1174234233222,11.2279451784305,17.5381132419927,48.6081156484938,67.4271504543076
"2227","Michael Carter-Williams","PG",27,2019,44.8794852486884,226.279297516356,123.453009726516,42.7721141303659,203.064392716861,281.946436155815,118.890818807347,39.4520545359842,131.625948596839,145.208869846654
"2233","Michael Kidd-Gilchrist","SF",25,2019,25.9133083944885,235.802217799814,128.647912023757,96.5506643331609,278.745194608215,92.6991113108097,47.7327345599575,40.8613487319786,56.1045038957352,127.996682774886
"2239","Mike Conley","PG",31,2019,100.811838957087,187.233456949437,132.905605132033,3.06541372477581,97.3027889341515,263.641085845825,113.406987302125,16.0334661439957,80.8688379990456,81.2332439901917
"2245","Mike James","PG",28,2019,29.0348775334215,48.0049907552023,31.5015089607688,1.48419739610087,56.4374587530754,70.3288777708163,10.8101802231432,2.01562313731949,23.7997634972066,24.5795988705775
"2257","Mike Scott","PF",30,2019,59.3287505299875,105.494917091167,24.0076562806537,19.9430888261733,116.943189879829,70.1174234233221,19.8279451784306,4.13811324199264,30.6081156484938,64.6271504543075
"2269","Milos Teodosic","PG",31,2019,87.7075411755185,39.3616144757143,25.6311345335149,8.5947934187463,96.082973668863,195.735323025278,16.2819033779067,1.85353444888898,88.8721559332613,93.5915673460131
"2275","Milton Doyle","SG",25,2019,10.7413643213198,14.6845347591715,7.60603683075773,2.96614362154069,25.1637755602198,13.2879981802755,6.12381913051841,2.26282864488384,2.95071123215912,13.579380274246
"2281","Mindaugas Kuzminskas","SF",29,2019,30.6643752649945,33.6474585455858,17.3487281403288,16.6921444130848,32.6715949399169,24.2587117116629,8.41397258921599,2.76905662099675,18.6040578242478,31.2135752271545
"2287","Mirza Teletovic","PF",33,2019,97.5780158112868,-10.2894633340221,-23.2560971652088,-4.31793647801927,70.0219870427971,47.2884106908297,7.1650715495146,6.42417194800122,6.99028270014878,53.2454310619604
"2293","Monte Morris","PG",23,2019,9.08597203658669,19.4588415203244,11.2643375965053,2.42326035580585,20.1907095240064,15.8055565652732,5.4044577147218,1.39926004354873,4.97689633179131,4.90865125032343
"2305","Myke Henry","SF",26,2019,24.5690604636863,22.7973813785953,6.77688644788384,8.73758525440859,34.1503085783275,22.5292189877757,29.9834998384163,5.69461294555135,18.4376186823427,26.9147447862073
"2317","Nate Wolters","PG",27,2019,26.9081425942165,70.0989113564632,28.5812555920155,12.2490675823027,76.1946292248603,76.9482883442375,13.2256380455866,5.78514121716685,24.484914040768,28.3784202634277
"2323","Naz Mitrou-Long","SG",25,2019,7.74136432131978,5.68453475917153,3.6060368307576,-0.0338563784593404,10.1637755602205,3.28799818027488,0.123819130518406,0.262828644883868,0.950711232159065,0.579380274245921
"2329","Nemanja Bjelica","PF",30,2019,63.3227618764808,53.0137402200106,9.88277034327204,26.1937813946043,137.877503944031,107.666576692217,48.0315377294851,16.2677878955521,32.7879536992416,100.731919652154
"2347","Nick Collison","PF",38,2019,-16.8065420532146,-94.5967640426692,-63.9103529083122,1.43828801499357,-21.9800176855896,-10.4932771966581,-15.7397178320127,-5.09906354198461,-21.5061055470928,26.8758987413813
"2353","Nick Young","SG",33,2019,114.378015811287,33.7105366659778,54.3235028347911,-6.30693647801912,39.821987042797,20.0884106908297,13.1650715495146,2.82417194800132,16.990282700149,69.6454310619605
"2359","Nicolas Batum","SG",30,2019,129.528750529988,172.294917091167,99.3986562806535,42.7540888261733,303.943189879829,378.317423423322,129.22794517843,37.3381132419927,127.808115648494,113.027150454307
"2365","Nicolas Brussino","SF",25,2019,25.1981984107952,22.4703788290441,15.3236304375707,13.5634946158794,53.2523968312731,29.8113868666592,9.25588834182746,4.67835081699126,15.182613123145,23.2013881553869
"2371","Nigel Hayes","SF",24,2019,11.9136681789532,17.5716881397475,7.43518721363169,5.19470198867316,32.1772425421126,12.0467773727746,3.26413842262009,3.83104434421627,4.46380378197536,10.2440157622851
"2377","Nik Stauskas","SG",25,2019,101.28417044738,102.179220349365,65.7087180340705,12.1795049716896,126.693106355271,134.366943431926,56.160346056547,26.3276108605387,59.6595094549332,94.1100394057068
"2389","Nikola Mirotic","PF",27,2019,138.422651159213,143.743453446483,111.821716119702,42.7957131360271,282.375771445809,154.823047469431,60.2087495960377,50.7365323638767,67.8440467058526,124.786861965514
"2401","Noah Vonleh","PF",23,2019,36.3956897355468,135.364987252248,58.843969948438,66.5657968073523,217.010441264733,122.410839394422,29.6119425170557,24.9186893572007,46.7249722040135,86.9332168458995
"2407","Norman Powell","SG",25,2019,63.3791337861486,127.551940692442,63.8182741720085,15.1740317325958,113.678840429623,104.25436861721,47.1013973171702,20.9499448888762,52.5855458640699,93.3782745325404
"2413","OG Anunoby","SF",21,2019,84.4305797518537,115.233148281476,53.9226383622528,48.8803770900707,166.217643487792,69.3231149502725,56.6850962989258,16.5356914422136,52.003081431424,137.237922226401
"2419","Okaro White","PF",26,2019,16.9397426243451,15.6396487581794,13.5799048632602,12.7206570651809,43.7321963584342,13.6732180779105,4.5454094036746,5.32602726799281,9.41297429842059,28.2044349233288
"2425","Omari Johnson","PF",29,2019,6.05214889078557,-8.86407876313316,-7.71056470073792,-0.948089846988744,1.1099076326485,-0.747118589723328,-2.4374580378895,-2.01003415244598,-2.10165896710632,-0.0791616779090987
"2437","Omri Casspi","SF",30,2019,53.9287505299876,92.2949170911669,37.8116562806537,19.7138888261732,131.143189879829,117.117423423322,30.0279451784305,14.7381132419927,34.8081156484938,67.6271504543075
"2443","Otto Porter","SF",25,2019,109.513308394489,233.402217799814,76.442912023757,67.3634643331609,260.345194608216,169.69911131081,85.7327345599575,46.8613487319786,52.3045038957353,115.796682774886
"2449","P.J. Tucker","PF",33,2019,79.5780158112868,63.710536665978,29.3289028347911,72.4764635219808,278.021987042798,144.88841069083,95.1650715495144,28.8241719480012,44.1902827001489,147.445431061961
"2455","Pascal Siakam","PF",24,2019,27.4566541972453,181.301108899909,49.0673560118813,73.9063321665783,226.272597304112,98.4495556554082,46.4663672799799,45.03067436599,54.4522519478692,141.698341387445
"2461","Pat Connaughton","SG",26,2019,44.7011927375484,47.7776339312888,20.0979734062612,14.7799149983308,76.9852397991712,55.0701435655447,12.4874253996331,8.81351349021153,20.8926940977709,51.0490035564629
"2467","Patrick Beverley","SG",30,2019,100.328750529988,57.6949170911667,22.8052562806538,36.5206888261733,125.143189879829,160.717423423322,86.2279451784304,28.5381132419927,46.2081156484937,124.027150454307
"2473","Patrick McCaw","SG",23,2019,44.2151099836956,94.6318389707732,42.8110815861915,22.749169717277,101.792797776951,93.5877244441569,41.6768462181328,14.8829979149886,45.2218907725935,71.1952946195025
"2479","Patrick Patterson","PF",29,2019,96.0456621028879,78.5563772328966,27.4891074292744,57.8405639275707,198.383590825506,129.39376100082,50.648903054736,32.2427603399899,35.1473932979422,104.421056918423
"2485","Patty Mills","PG",30,2019,131.528750529988,89.094917091167,35.2024562806537,7.54628882617317,78.543189879829,160.117423423322,76.2279451784304,11.3381132419927,48.4081156484939,80.4271504543076
"2497","Paul George","SF",28,2019,182.362573675788,304.217837374626,213.370358577895,33.5276390289684,287.223991771183,269.270098578317,147.669860931042,46.147407437987,134.686670947391,176.014963382539
"2503","Paul Millsap","PF",33,2019,64.9780158112867,262.910536665978,147.136102834791,69.2786635219809,291.021987042797,263.08841069083,108.165071549514,69.4241719480013,116.790282700149,145.845431061961
"2509","Paul Zipser","SF",24,2019,47.4566541972454,67.8011088999081,36.0673560118813,16.4063321665782,137.272597304112,51.4495556554081,19.96636727998,17.03067436599,45.9522519478692,86.1983413874447
"2515","PJ Dozier","PG",22,2019,10.2582758942204,21.3459949009005,12.0934879793792,3.65181872293821,23.2041765058983,11.564335757773,3.54477700682398,1.96747574288116,6.48998888160781,6.57328673836193
"2521","Quincy Acy","PF",28,2019,50.3625736757881,64.0178373746258,37.7923585778952,36.1026390289683,158.823991771183,67.8700985783173,19.4698609310413,22.147407437987,34.2866709473903,95.8149633825389
"2527","Quincy Pondexter","SF",30,2019,44.1851040178823,6.22737755069696,15.2897517632801,9.63015057764419,47.3932927392693,20.693829752579,-1.8442215420981,3.43631755717613,11.6873218759404,47.0653987163757
"2533","Quinn Cook","PG",25,2019,39.1981984107952,59.9703788290439,18.8236304375707,6.0634946158795,56.252396831273,63.8113868666591,8.75588834182742,1.1783508169913,24.6826131231451,37.7013881553866
"2539","R.J. Hunter","SG",25,2019,22.3791337861486,24.8852740257758,11.8056075053417,1.85603173259563,28.3455070962893,23.5877019505431,7.10139731717013,5.94994488887623,5.9188791974033,9.3782745325405
"2545","Rajon Rondo","PG",32,2019,43.2949273841871,137.171996807708,-11.5786460165879,18.9289386233784,168.862387988474,415.164748268327,208.78602942582,25.3288190459985,104.929560349597,125.239337526076
"2551","Ramon Sessions","PG",32,2019,24.0949273841873,85.5719968077079,81.6231539834121,-5.2358613766218,43.2623879884744,149.164748268327,52.58602942582,3.12881904599844,40.1295603495971,43.439337526076
"2557","Rashad Vaughn","SG",22,2019,49.7462902652825,73.208194309234,30.0875098025834,11.5417152687242,74.4263089876445,68.140377105538,29.6099797364476,18.692572418204,24.9974344962997,38.3660874607719
"2563","Raul Neto","PG",26,2019,43.7011927375485,73.777633931289,16.8283067395945,3.02758166499764,45.985239799171,81.0701435655448,68.8207587329664,23.8135134902115,18.5593607644376,65.049003556463
"2569","Raymond Felton","PG",34,2019,45.0611042383864,53.8490765242486,-16.9623483138291,-5.38901157941685,41.9815860971199,158.012073113332,71.744113673209,15.1195248500041,32.2510050507007,65.6515245978444
"2575","Reggie Bullock","SF",27,2019,60.2794852486883,51.0792975163553,16.6700097265157,8.02791413036597,79.2643927168608,46.746436155815,20.2908188073467,5.85205453598429,15.8259485968386,27.4088698466547
"2581","Reggie Hearn","SG",27,2019,5.39675660605271,-4.08977200198052,-2.05226393498977,-2.49097311272417,2.13684159643424,-2.22956020472327,-2.15681945368577,-0.873602753781057,-2.07547386747338,-2.7498907018317
"2587","Reggie Jackson","PG",28,2019,92.562573675788,295.417837374626,110.568758577895,23.7284390289683,168.023991771183,306.870098578317,134.869860931041,15.147407437987,110.88667094739,143.014963382539
"2593","Richard Jefferson","SF",38,2019,42.9934579467853,-68.5967640426693,-31.6893529083122,-28.3677119850066,2.81998231441037,-4.29327719665819,-4.53971783201262,-5.29906354198457,-6.70610554709274,41.4758987413814
"2605","Ricky Rubio","PG",28,2019,69.3625736757881,169.417837374626,148.357758577895,32.3250390289684,204.623991771183,459.070098578317,221.869860931042,36.9474074379871,134.686670947391,169.014963382539
"2611","Robert Covington","SF",28,2019,150.562573675788,99.6178373746259,84.1731585778952,36.7138390289684,218.623991771183,152.470098578317,86.6698609310413,53.3474074379871,80.4866709473905,148.614963382539
"2623","Rodney Hood","SG",26,2019,132.853410803296,187.461336897924,74.6408420768866,11.8803590538584,144.159438900539,143.469995450679,81.8095478262922,27.6570716122078,51.3767780803928,121.69845068561
"2629","Rodney McGruder","SG",27,2019,51.1812868378949,65.3089186873155,22.3361792889498,49.3778195144821,96.7119958855953,68.5350492891615,24.3349304655216,9.47370371899421,27.6433354736965,77.2074816912707
"2635","Rodney Purvis","SG",24,2019,20.9136681789532,32.5716881397474,19.4351872136316,2.19470198867308,40.1772425421129,23.0467773727745,4.26413842262006,3.83104434421633,12.4638037819752,28.2440157622849
"2641","Ron Baker","SG",25,2019,27.6981984107953,44.9703788290441,30.8236304375709,9.06349461587948,72.7523968312731,83.3113868666591,30.7558883418275,7.67835081699131,39.1826131231452,55.2013881553868
"2647","Rondae Hollis-Jefferson","SF",24,2019,28.0570748347487,230.326247453594,163.132908271089,69.9314818001941,284.705774393408,174.105260335542,67.3820359013737,46.0863762875412,91.2783976303686,122.707545508617
"2653","Royce O'Neale","SF",25,2019,48.7413643213197,83.6845347591712,64.6060368307577,24.9661436215407,221.163775560221,98.287998180275,36.1238191305183,16.2628286448837,55.950711232159,105.579380274246
"2659","Rudy Gay","PF",32,2019,59.6949273841871,267.571996807708,139.822553983412,43.5689386233783,181.862387988474,177.164748268327,56.1860294258198,43.3288190459984,99.1295603495971,102.239337526076
"2671","Russell Westbrook","PG",30,2019,117.728750529988,494.894917091167,362.795256280653,80.1466888261733,405.543189879829,615.317423423322,256.02794517843,41.5381132419927,248.008115648494,187.427150454308
"2677","Ryan Anderson","PF",30,2019,138.328750529987,106.894917091167,57.5970562806538,62.5588888261732,156.143189879829,98.7174234233219,22.0279451784304,14.5381132419926,27.0081156484938,87.0271504543075
"2683","Ryan Arcidiacono","PG",24,2019,16.9136681789532,18.5716881397473,11.4351872136311,2.19470198867322,38.1772425421128,41.0467773727744,14.2641384226201,0.831044344216249,15.4638037819751,20.2440157622849
"2695","Sam Dekker","PF",24,2019,47.4566541972454,148.801108899908,48.5673560118814,50.0274818001942,183.272597304112,54.1052603355417,25.0487025680404,12.4197096208745,31.9450642970352,58.0408788419508
"2701","Scotty Hopson","SG",29,2019,12.0179659605211,-17.1564693865267,-7.98594218785216,-8.70147770529642,2.39705780739867,-8.44745980668088,-7.11077765316227,-3.1890239606777,-7.23951415224198,-9.91430759353847
"2707","Sean Kilpatrick","SG",29,2019,46.9251318710455,44.3931865436008,55.9309642053347,14.4511713003646,81.7824365363455,50.2791515069346,21.0071531355288,6.39545386721472,37.7785839567721,27.9636845253208
"2713","Semi Ojeleye","PF",24,2019,47.9136681789532,35.5716881397478,31.4351872136315,38.1947019886734,138.177242542113,26.0467773727746,22.2641384226203,4.83104434421645,27.4638037819752,93.2440157622847
"2719","Serge Ibaka","PF",29,2019,77.1414621028877,261.421577232897,78.0889074292743,127.469963927571,330.133990825506,121.59376100082,125.648903054736,128.84276033999,81.3473932979421,188.421056918423
"2725","Shabazz Muhammad","SF-SG",26,2019,37.2893968215885,130.798557658085,76.9504608751363,88.3269892317633,96.4575936625381,65.8227737333121,66.311776683652,15.1567016339815,31.7652262462868,42.6027763107701
"2731","Shabazz Napier","PG",27,2019,53.7571511592128,58.0752034464833,51.5299661197025,20.8439631360271,88.8090214458085,99.5730474694307,49.4587495960378,28.4865323638768,57.3440467058525,47.0368619655137
"2737","Shane Larkin","PG",26,2019,43.2783898307346,87.1457180381653,43.3293452742612,42.232804320716,102.996471043537,151.574162874629,84.112891112332,90.4565166448683,67.8594503292339,70.8799391233502
"2743","Shaquille Harrison","PG",25,2019,12.7413643213197,58.6845347591715,31.6060368307579,8.96614362154082,62.1637755602209,58.2879981802749,26.1238191305184,7.26282864488373,22.950711232159,42.579380274246
"2749","Shaun Livingston","PG",33,2019,-2.71478418871338,74.5439366659782,17.3447028347913,27.9272635219808,58.5939870427972,136.68841069083,54.3650715495144,55.2241719480011,49.3902827001489,77.6454310619604
"2755","Shelvin Mack","PG",28,2019,51.8503736757881,90.0802373746261,38.9709585778953,20.3556390289684,102.171591771183,189.470098578317,55.4698609310415,38.3474074379871,65.4866709473905,58.6149633825391
"2761","Sindarius Thornwell","SG",24,2019,30.9136681789533,87.5716881397471,65.4351872136315,34.1947019886731,121.177242542113,74.0467773727746,49.2641384226202,25.8310443442163,55.4638037819753,127.244015762285
"2767","Skal Labissiere","PF",22,2019,26.4735657701458,183.462569041638,93.0548071605023,81.0920072679758,185.312998249789,68.2258932329057,26.3873251562855,34.2353214639872,63.9915295973177,107.192247851561
"2773","Solomon Hill","SF",27,2019,52.5688852486883,65.1440975163558,59.4628097265156,33.6413141303659,134.435792716861,101.546436155815,61.2908188073467,21.6520545359843,51.0259485968387,80.6088698466546
"2779","Spencer Dinwiddie","PG",25,2019,67.6221704473798,105.954220349365,109.940218034071,28.9867549716896,135.587106355271,221.616943431926,40.1603460565468,20.5776108605387,63.6595094549333,95.1100394057068
"2785","Stanley Johnson","SF",22,2019,59.5379569319492,122.977194309234,77.4291764692501,65.9417152687243,174.020975654311,181.807043772205,160.943313069781,56.692572418204,80.6641011629664,114.032754127439
"2791","Stephen Curry","PG",30,2019,224.029550529988,228.385717091167,223.610656280654,106.184288826173,204.524789879829,475.717423423322,176.427945178431,110.938113241993,207.008115648494,116.227150454308
"2797","Sterling Brown","SG",23,2019,41.0859720365869,65.4588415203243,30.2643375965052,29.4232603558057,134.190709524006,33.8055565652736,33.4044577147221,14.3992600435488,28.9768963317914,83.9086512503232
"2809","T.J. Leaf","PF",21,2019,29.4305797518538,71.233148281476,24.9226383622527,33.8803770900708,79.2176434877917,23.3231149502727,9.68509629892596,6.53569144221362,17.0030814314241,52.237922226401
"2815","T.J. McConnell","PG",26,2019,25.5245260708818,144.226967264622,40.1589734062612,38.1132483316643,151.529906465838,352.736810232211,158.1540920663,130.146846823545,122.892694097771,90.3823368897964
"2821","T.J. Warren","SF",25,2019,32.6594204473797,275.029220349365,97.7179680340705,91.7367549716895,152.118856355271,83.8669434319265,79.660346056547,35.3276108605387,57.6595094549332,103.360039405707
"2827","Taj Gibson","PF",33,2019,-1.11678418871332,211.910536665978,73.9409028347912,147.327263521981,212.160387042797,81.0884106908296,114.365071549514,72.8241719480012,66.1902827001489,133.845431061961
"2839","Taurean Waller-Prince","SF",24,2019,116.956654197245,178.301108899908,124.067356011881,39.9063321665783,258.772597304112,144.949555655408,66.46636727998,36.03067436599,130.452251947869,136.198341387445
"2845","Terrance Ferguson","SG",20,2019,52.6028836094872,60.1203016620528,26.7517887451265,25.1089354572031,58.2311104696842,36.0818941427721,29.8254155910278,13.1039071415461,19.5161739812403,91.9025577144396
"2851","Terrence Ross","SG",27,2019,113.565685248688,117.556497516356,48.6566097265156,30.4413141303658,153.422392716861,95.3464361558151,81.2908188073467,30.0520545359843,61.4259485968387,104.808869846655
"2857","Terry Rozier","PG",24,2019,87.4817415014153,113.400247453595,72.072908271089,41.6941484668609,200.639107726741,149.771927002208,67.0487025680403,24.7530429542078,51.2783976303686,71.0408788419508
"2863","Thabo Sefolosha","SF",34,2019,22.5621042383865,-17.0831234757512,-14.7345483138291,28.6415884205831,75.90678609712,64.6120731133321,96.944113673209,25.3195248500041,21.2510050507006,33.4515245978444
"2869","Thaddeus Young","PF",30,2019,53.6315505299876,280.341517091167,58.6020562806537,140.584288826173,234.271989879829,202.117423423322,227.62794517843,46.7381132419926,105.008115648494,129.627150454308
"2887","Tim Frazier","PG",28,2019,26.5966415151292,37.358819995042,27.7298401625188,26.7725672181958,70.0211039910769,162.676099488183,49.8579513657834,41.5659931155457,48.8113153313124,57.6252732454175
"2893","Tim Hardaway","SG",26,2019,127.482396821589,185.608357658085,121.954660875136,31.9269892317635,160.083393662538,134.422773733312,54.9117766836521,20.7567016339815,73.9652262462868,102.60277631077
"2899","Tim Quarterman","SG",24,2019,14.9566541972454,22.8011088999084,12.0673560118812,4.40633216657825,29.7725973041116,16.4495556554082,3.46636727997985,3.03067436599007,10.9522519478693,7.69834138744474
"2911","Timothe Luwawu-Cabarrot","SF",23,2019,65.7151099836956,96.6318389707731,90.8110815861917,23.749169717277,120.292797776951,79.0877244441567,26.1768462181327,9.8829979149886,62.2218907725933,132.195294619503
"2917","Tobias Harris","PF",26,2019,103.690196821588,309.207757658085,165.550860875136,106.126989231763,319.670993662538,203.422773733312,151.711776683652,61.9567016339815,96.1652262462869,126.20277631077
"2923","Tomas Satoransky","SG",27,2019,35.1812868378949,99.308918687315,47.3361792889497,45.3778195144822,114.711995885595,187.035049289161,35.8349304655217,9.473703718994,58.1433354736965,92.2074816912709
"2929","Tony Allen","SF",37,2019,-9.19803048031432,2.13609609906051,-30.4211017596915,61.7845631163908,13.7907832600878,17.3830603808392,92.0812400442926,12.8055835560125,35.4331721023556,54.8698052054971
"2941","Tony Parker","PG",36,2019,5.52588109258592,116.809156240789,22.2729493889289,8.07023821778839,3.05278420576506,202.259397958337,30.902197920598,62.9102306540097,60.5724497518039,23.2637116696127
"2947","Tony Snell","SG",27,2019,94.3538852486883,74.7514975163558,37.2358097265156,20.2413141303658,144.246192716861,105.146436155815,70.4908188073468,25.8520545359843,39.6259485968386,83.8088698466545
"2953","Torrey Craig","SF",28,2019,20.2244527484192,36.0230746174431,17.1185856821367,36.2804685201435,85.1233746145417,20.0116606027761,8.70286125421266,13.5581815468864,16.4114335827105,58.5854738101298
"2959","Travis Wear","SF",28,2019,25.5780434439459,32.7191466853299,10.2839153539554,9.88684640176226,63.8488374820231,19.3054890844317,4.67811101183425,6.10010096521184,16.0678616062205,36.4575909894366
"2965","Treveon Graham","SG",25,2019,35.1981984107953,43.9703788290438,32.3236304375709,24.0634946158794,65.2523968312732,38.8113868666589,20.2558883418273,2.17835081699129,17.1826131231453,65.2013881553869
"2971","Trevor Ariza","SF",33,2019,143.861215811287,42.1847366659782,42.3307028347911,60.1272635219808,234.978587042797,150.48841069083,155.365071549514,41.0241719480012,84.190282700149,99.6454310619605
"2977","Trevor Booker","PF",31,2019,16.3098389570874,122.292056949437,25.9126051320332,113.498613724776,197.836788934152,101.841085845825,112.206987302125,36.6334661439956,59.8688379990455,96.0332439901916
"2983","Trey Burke","PG",26,2019,82.2789968215884,165.209557658085,67.7392608751364,35.1269892317635,123.068193662538,230.222773733313,52.311776683652,36.9567016339815,80.5652262462868,76.8027763107702
"2989","Trey Lyles","PF",23,2019,69.2143492166823,131.228220881415,75.1212090368359,68.1512652011259,201.631041690526,154.62281872054,124.662674485577,41.2228076862059,60.3045827300008,85.370149818028
"2995","Trey McKinney-Jones","SG",28,2019,3.22445274841908,-8.97692538255694,-4.88141431786356,-3.71953147985628,-1.87662538545864,-4.98833939722363,-3.29713874578749,-1.44181845311366,-3.58856641728981,-4.41452618987026
"3007","Troy Daniels","SG",27,2019,93.1746852486882,30.7760975163555,27.2522097265157,7.64131413036583,66.9755927168611,38.5464361558151,19.8908188073467,5.85205453598426,26.8259485968386,53.6088698466546
"3013","Troy Williams","SF",24,2019,26.9566541972453,65.8011088999082,31.5673560118813,20.9063321665783,70.7725973041117,30.9495556554081,25.96636727998,8.53067436599003,29.9522519478692,51.1983413874447
"3019","Tyler Cavanaugh","PF",24,2019,39.9136681789534,45.5716881397476,23.4351872136316,46.1947019886732,96.1772425421128,33.0467773727746,10.2641384226201,4.83104434421629,16.4638037819752,63.2440157622848
"3025","Tyler Dorsey","SG",22,2019,82.2582758942204,92.3459949009001,57.0934879793792,20.6518187229381,135.204176505899,90.5643357577729,20.544777006824,6.96747574288107,42.4899888816076,68.5732867383621
"3031","Tyler Ennis","PG",24,2019,36.0771800914631,84.4803538008063,35.2808439912544,23.3081508895209,80.9105238100013,103.513891413175,43.0111442868013,31.4981501088698,47.4422408294732,52.271628125803
"3037","Tyler Johnson","PG",26,2019,74.4749108032962,140.806336897924,92.3973420768865,40.4153590538584,156.608688900539,138.469995450679,71.8095478262923,42.1570716122078,58.6267780803929,96.4484506856102
"3043","Tyler Lydon","PF",22,2019,10.2582758942203,20.3459949009003,12.0934879793793,3.65181872293804,22.2041765058981,11.564335757773,3.54477700682386,1.96747574288107,5.48998888160764,5.57328673836207
"3049","Tyler Ulis","PG",23,2019,45.7151099836955,193.131838970773,84.8110815861916,26.2491697172771,118.792797776951,283.087724444157,63.1768462181328,8.38299791498858,108.721890772593,103.195294619503
"3061","Tyreke Evans","PG",29,2019,60.1322621028877,214.433977232896,123.074907429274,51.6699639275708,187.342790825506,264.99376100082,72.248903054736,45.8427603399898,116.947393297942,91.8210569184231
"3067","Tyrone Wallace","PG",24,2019,17.9136681789531,110.571688139748,67.4351872136315,22.1947019886732,98.177242542113,77.0467773727747,28.2641384226203,13.8310443442164,48.4638037819753,85.2440157622848
"3079","Tyus Jones","PG",22,2019,45.8659569319491,98.6421943092339,62.7551764692501,30.6083819353909,107.665642320978,169.473710438871,71.9433130697809,44.3592390848707,55.6641011629663,67.6994207941051
"3091","Vander Blue","SG",26,2019,25.4824887863277,32.0560892917178,19.0117568682607,3.01092880607769,45.5728524978346,20.4775523192343,4.02670235259243,2.01252688160805,9.86188920682162,7.59387189022308
"3097","Victor Oladipo","SG",26,2019,110.683996821588,316.210357658085,197.742260875136,86.5269892317634,261.070793662538,296.222773733312,171.311776683652,84.5567016339815,187.165226246287,159.60277631077
"3103","Vince Carter","SF",42,2019,42.0034116551838,-134.972804609587,-57.6669575027958,-11.443812390596,-29.1750214682996,1.80137249335081,17.1764506627655,7.48234806602684,-13.2632161448868,40.7002728849178
"3109","Vince Hunter","PF",24,2019,7.91366817895321,13.5716881397474,6.43518721363156,3.1947019886732,15.1772425421127,6.04677737277473,1.26413842262006,1.83104434421629,3.46380378197537,2.24401576228493
"3115","Wade Baldwin","PG",22,2019,19.4735657701458,54.4625690416376,38.0548071605023,12.0920072679758,56.3129982497894,51.7258932329058,15.8873251562855,7.23532146398722,30.4915295973177,35.1922478515606
"3121","Walt Lemon Jr.","PG",26,2019,6.56906046368624,6.79738137859536,2.77688644788404,-1.26241474559153,8.1503085783275,5.52921898777558,-1.01650016158349,0.694612945551405,3.43761868234279,3.91474478620714
"3127","Wayne Ellington","SG",31,2019,102.089638957087,15.5050569494375,4.49320513203322,11.2986137247758,79.0741889341517,56.6410858458248,46.6069873021252,12.6334661439956,19.8688379990455,34.2332439901914
"3133","Wayne Selden","SG",24,2019,40.4566541972454,60.8011088999084,40.0673560118813,10.9063321665783,50.7725973041116,49.9495556554081,14.4663672799799,4.53067436599002,37.4522519478692,42.6983413874448
"3139","Wesley Iwundu","SF",24,2019,16.9136681789531,94.5716881397474,40.4351872136317,37.1947019886733,115.177242542113,63.0467773727746,34.2641384226202,12.8310443442163,32.4638037819752,83.2440157622846
"3145","Wesley Johnson","SF",31,2019,59.8926389570874,49.9000569494374,12.3120051320332,30.2986137247758,148.833188934152,79.8410858458247,84.0069873021253,45.4334661439956,49.4688379990455,109.233243990192
"3151","Wesley Matthews","SF",32,2019,140.572527384187,73.4439968077078,80.8089539834121,35.2129386233783,129.034987988474,148.764748268327,89.7860294258199,32.3288190459985,67.9295603495971,98.639337526076
"3157","Will Barton","SG",28,2019,69.6489736757881,132.486837374626,81.7675585778952,81.3556390289683,157.385191771183,209.670098578317,127.269860931041,59.747407437987,74.4866709473904,77.014963382539
"3181","Wilson Chandler","SF",31,2019,118.854914921496,194.855245294582,84.1672927277516,72.7557533165589,292.306155679625,109.180780643949,34.1920671251506,25.2255200688287,80.7971111364995,166.849402862201
"3187","Xavier Munford","SG",26,2019,13.1045767138207,9.62099282805144,6.51049847007334,6.81800805951968,18.5708176294864,21.1966067642942,15.6774786149834,11.2415494401003,8.64487618940669,3.82644280446937
"3193","Xavier Rathan-Mayes","SG",24,2019,8.91366817895324,21.5716881397474,10.4351872136316,1.1947019886731,19.1772425421126,24.0467773727746,7.26413842262011,3.83104434421631,13.4638037819752,20.2440157622849
"3199","Xavier Silas","SG",31,2019,-0.292458824481656,-23.6383855242854,-13.368865466485,-6.40520658125362,-12.9170263311371,-13.2646769747222,-5.71809662209337,-3.1464655511109,-8.12784406673843,-8.40843265398699
"3205","Yogi Ferrell","SG",25,2019,111.698198410795,145.470378829044,84.8236304375708,23.5634946158794,174.252396831273,192.811386866659,53.7558883418273,9.67835081699133,76.1826131231451,123.201388155387
"3217","Zach LaVine","SG",23,2019,80.5086897355468,183.212237252248,118.604219948438,73.6295468073523,158.958691264733,200.910839394422,95.6119425170557,73.6686893572007,111.224972204014,97.4332168458994
"3223","Zach Randolph","PF",37,2019,-0.994630480314306,206.11089609906,60.9816982403086,157.584563116391,255.819583260088,111.983060380839,110.281240044293,22.4055835560126,73.8331721023555,79.0698052054971
